Workbook

Sheet Races
N2: Application | P2: Tags
B3: Rank | C3: Rank_mod | D3: Name | E3: City / Race Location | F3: Country | G3: Month | I3: Distance | J3: Cost | K3: Month_adj | L3: Inception | M3: # of finishers | N3: From | O3: To | P3: 9+1 | Q3: 4 out of 6 | R3: Virtual 6
B4: Majors | C4: 1 | D4: Tokyo Marathon | E4: Tokyo | F4: Japan | G4: February | I4: Full | K4: 2 | L4: 1981
B5: Majors | C5: 1 | D5: Boston Marathon | E5: Boston | F5: United States | G5: April | I5: Full | K5: 4 | L5: 1897
B6: Majors | C6: 1 | D6: London Marathon | E6: London | F6: United Kingdom | G6: April | I6: Full | K6: 4 | L6: 1981
B7: Majors | C7: 1 | D7: Berlin Marathon | E7: Berlin | F7: Germany | G7: September | I7: Full | K7: 9 | L7: 1974
B8: Majors | C8: 1 | D8: Sydney Marathon | E8: Sydney | F8: Australia | G8: September | I8: Full | K8: 9 | L8: 2001
B9: Majors | C9: 1 | D9: Chicago Marathon | E9: Chicago | F9: United States | G9: October | H9: 46306 | I9: Full | K9: 10 | L9: 1977
B10: Majors | C10: 1 | D10: New York City Marathon | E10: New York City | F10: United States | G10: November | H10: 46327 | I10: Full | K10: 11 | L10: 1970 | N10: Feb
B11: Platinum | C11: 2 | D11: Osaka Women's Marathon | E11: Osaka | F11: Japan | G11: January | I11: Full | K11: 1 | L11: 1982
B12: Platinum | C12: 2 | D12: Xiamen Marathon | E12: Xiamen | F12: China | G12: January | I12: Full | K12: 1 | L12: 2003
B13: Platinum | C13: 2 | D13: Nagoya Women's Marathon | E13: Nagoya | F13: Japan | G13: March | I13: Full | K13: 3 | L13: 1980
B14: Platinum | C14: 2 | D14: Seoul International Marathon | E14: Seoul | F14: South Korea | G14: March | I14: Full | K14: 3 | L14: 1931
B15: Platinum | C15: 2 | D15: Amsterdam Marathon | E15: Amsterdam | F15: Netherlands | G15: October | I15: Full | K15: 10 | L15: 1975
B16: Platinum | C16: 2 | D16: Shanghai Marathon | E16: Shanghai | F16: China | G16: December | I16: Full | K16: 12 | L16: 2000
B17: Platinum | C17: 2 | D17: Valencia Marathon | E17: Valencia | F17: Spain | G17: December | I17: Full | K17: 12 | L17: 1981
B18: Gold | C18: 3 | D18: Buriram Marathon | E18: Buriram | F18: Thailand | G18: January | I18: Full | K18: 1 | L18: 2017
B19: Gold | C19: 3 | D19: Doha Marathon | E19: Doha | F19: Qatar | G19: January | I19: Full | K19: 1 | L19: 2013
B20: Gold | C20: 3 | D20: Houston Marathon | E20: Houston | F20: United States | G20: January | I20: Full | K20: 1 | L20: 1972
B21: Gold | C21: 3 | D21: Lagos City Marathon | E21: Lagos | F21: Nigeria | G21: January | I21: Full | K21: 1 | L21: 2016
B22: Gold | C22: 3 | D22: Mumbai Marathon | E22: Mumbai | F22: India | G22: January | I22: Full | K22: 1 | L22: 2004
B23: Gold | C23: 3 | D23: Hong Kong Marathon | E23: Hong Kong | F23: Hong Kong | G23: February | I23: Full | K23: 2 | L23: 1997
B24: Gold | C24: 3 | D24: Osaka Marathon | E24: Osaka | F24: Japan | G24: February | I24: Full | K24: 2 | L24: 2011
B25: Gold | C25: 3 | D25: Barcelona Marathon | E25: Barcelona | F25: Spain | G25: March | I25: Full | K25: 3 | L25: 1978
B26: Gold | C26: 3 | D26: New Taipei City Wan Jin Shi Marathon | E26: New Taipei City | F26: Taiwan | G26: March | I26: Full | K26: 3 | L26: 1979
B27: Gold | C27: 3 | D27: Daegu Marathon | E27: Daegu | F27: South Korea | G27: April | I27: Full | K27: 4 | L27: 2009
... B29: Gold | C29: 3 | D29: Mexico City Marathon | E29: Mexico City | F29: Mexico | G29: August | I29: Full | K29: 8 | L29: 1983
B30: Gold | C30: 3 | D30: Beijing Marathon | E30: Beijing | F30: China | G30: October | I30: Full | K30: 10 | L30: 1981
B31: Gold | C31: 3 | D31: Ljubljana Marathon | E31: Ljubljana | F31: Slovenia | G31: October | I31: Full | K31: 10 | L31: 1996
B32: Gold | C32: 3 | D32: Hangzhou International Marathon | E32: Hangzhou | F32: China | G32: November | I32: Full | K32: 11 | L32: 1987
B33: Gold | C33: 3 | D33: Istanbul Marathon | E33: Istanbul | F33: Turkey | G33: November | I33: Full | K33: 11 | L33: 1979
B34: Gold | C34: 3 | D34: Guangzhou Marathon | E34: Guangzhou | F34: China | G34: December | I34: Full | K34: 12 | L34: 2012
B35: Gold | C35: 3 | D35: Singapore Marathon | E35: Singapore | F35: Singapore | G35: December | I35: Full | K35: 12 | L35: 1982
B36: Gold | C36: 3 | D36: Taipei Marathon | E36: Taipei | F36: Taiwan | G36: December | I36: Full | K36: 12 | L36: 2002
B37: Elite | C37: 4 | D37: Beppu-Ōita Marathon | E37: Beppu and Ōita | F37: Japan | G37: February | I37: Full | K37: 2 | L37: 1952
B38: Elite | C38: 4 | D38: Seville Marathon | E38: Seville | F38: Spain | G38: February | I38: Full | K38: 2 | L38: 1985
B39: Elite | C39: 4 | D39: Riyadh Marathon | E39: Riyadh | F39: Saudi Arabia | G39: February/March | I39: Full | K39: 2/3 | L39: 2022
B40: Elite | C40: 4 | D40: Enschede Marathon | E40: Enschede | F40: Netherlands | G40: April | I40: Full | K40: 4 | L40: 1991
B41: Elite | C41: 4 | D41: Paris Marathon | E41: Paris | F41: France | G41: April | I41: Full | K41: 4 | L41: 1976
B42: Elite | C42: 4 | D42: Rome Marathon | E42: Rome | F42: Italy | G42: April | I42: Full | K42: 4 | L42: 1982
B43: Elite | C43: 4 | D43: Vienna Marathon | E43: Vienna | F43: Austria | G43: April | I43: Full | K43: 4 | L43: 1984
B44: Elite | C44: 4 | D44: Prague Marathon | E44: Prague | F44: Czech Republic | G44: May | I44: Full | K44: 5 | L44: 1995
B45: Elite | C45: 4 | D45: Kilgali International Marathon | E45: Kilgali | F45: Rwanda | G45: May/June | I45: Full | K45: 5/6 | L45: 2005
B46: Elite | C46: 4 | D46: Bali Marathon | E46: Gianyar | F46: Indonesia | G46: September | I46: Full | K46: 9 | L46: 2012
B47: Elite | C47: 4 | D47: Tallinn Marathon | E47: Tallinn | F47: Estonia | G47: September | I47: Full | K47: 9 | L47: 1989
B48: Elite | C48: 4 | D48: Dublin Marathon | E48: Dublin | F48: Ireland | G48: October | I48: Full | K48: 10 | L48: 1980
B49: Elite | C49: 4 | D49: Frankfurt Marathon | E49: Frankfurt | F49: Germany | G49: October | I49: Full | K49: 10 | L49: 1981
B50: Elite | C50: 4 | D50: Lisbon Marathon | E50: Lisbon | F50: Portugal | G50: October | I50: Full | K50: 10 | L50: 1986
B51: Elite | C51: 4 | D51: Toronto Waterfront Marathon | E51: Toronto | F51: Canada | G51: October | I51: Full | K51: 10 | L51: 2000
B52: Elite | C52: 4 | D52: Bangsaen Marathon | E52: Bang Saen | F52: Thailand | G52: November | I52: Full | K52: 11 | L52: 2017
B53: Elite | C53: 4 | D53: Nanjing Marathon | E53: Nanjing | F53: China | G53: November | I53: Full | K53: 11 | L53: 2015
B54: Elite | C54: 4 | D54: Abu Dhabi Marathon | E54: Abu Dhabi | F54: United Arab Emirates | G54: December | I54: Full | K54: 12 | L54: 2018
B55: Elite | C55: 4 | D55: Fukuoka Marathon | E55: Fukuoka | F55: Japan | G55: December | I55: Full | K55: 12 | L55: 1947
B56: Elite | C56: 4 | D56: Hōfu Marathon | E56: Hofu | F56: Japan | G56: December | I56: Full | K56: 12 | L56: 1970
B57: Elite | C57: 4 | D57: Honolulu Marathon | E57: Honolulu | F57: United States | G57: December | I57: Full | K57: 12 | L57: 1973 | M57: 18000
B58: Elite | C58: 4 | D58: Huangpu Marathon | E58: Huangpu | F58: China | G58: December | I58: Full | K58: 12 | L58: 2012
B59: Elite | C59: 4 | D59: Mersin Marathon | E59: Mersin | F59: Turkey | G59: December | I59: Full | K59: 12 | L59: 2015
B60: Others | C60: 5 | D60: Dubai Marathon | E60: Dubai | F60: United Arab Emirates | G60: January | I60: Full | K60: 1 | L60: 1998
B61: Others | C61: 5 | D61: Marrakesh Marathon | E61: Marrakesh | F61: Morocco | G61: January | I61: Full | K61: 1 | L61: 1987
B62: Others | C62: 5 | D62: Castellón Marathon | E62: Castellón | F62: Spain | G62: February | I62: Full | K62: 2 | L62: 2010
B63: Others | C63: 5 | D63: Belgrade Marathon | E63: Belgrade | F63: Serbia | G63: April | I63: Full | K63: 4 | L63: 1988
B64: Others | C64: 5 | D64: Bratislava Marathon | E64: Bratislava | F64: Slovakia | G64: April | I64: Full | K64: 4 | L64: 2006
B65: Others | C65: 5 | D65: Durban Marathon | E65: Durban | F65: South Africa | G65: April | I65: Full | K65: 4 | L65: 2021
B66: Others | C66: 5 | D66: Hannover Marathon | E66: Hannover | F66: Germany | G66: April | I66: Full | K66: 4 | L66: 1991
B67: Others | C67: 5 | D67: İzmir Marathon | E67: Izmir | F67: Turkey | G67: April | I67: Full | K67: 4 | L67: 2020
B68: Others | C68: 5 | D68: Madrid Marathon | E68: Madrid | F68: Spain | G68: April | I68: Full | K68: 4 | L68: 1978
B69: Others | C69: 5 | D69: Milan Marathon | E69: Milan | F69: Italy | G69: April | I69: Full | K69: 4 | L69: 2019
... B85: Others | C85: 5 | D85: Sunshine Coast Marathon | E85: Sunshine Coast | F85: Australia | G85: August | I85: Full | K85: 8 | L85: 2012
B86: Others | C86: 5 | D86: Cape Town Marathon | E86: Cape Town | F86: South Africa | G86: September | I86: Full | K86: 9 | L86: 2007
B87: Others | C87: 5 | D87: Vilnius Marathon | E87: Vilnius | F87: Lithuania | G87: September | I87: Full | K87: 9 | L87: 2004
B88: Others | C88: 5 | D88: Warsaw Marathon | E88: Warsaw | F88: Poland | G88: September/October | I88: Full | K88: 9/10 | L88: 1979
B89: Others | C89: 5 | D89: Bengaluru Marathon | E89: Bengaluru | F89: India | G89: October | I89: Full | K89: 10 | L89: 2005
B90: Others | C90: 5 | D90: Bucharest Marathon | E90: Bucharest | F90: Romania | G90: October | I90: Full | K90: 10 | L90: 2008
B91: Others | C91: 5 | D91: Buenos Aires Marathon | E91: Buenos Aires | F91: Argentina | G91: October | I91: Full | K91: 10 | L91: 1984
B92: Others | C92: 5 | D92: Jakarta Marathon | E92: Jakarta | F92: Indonesia | G92: October | I92: Full | K92: 10 | L92: 2013
B93: Others | C93: 5 | D93: Košice Peace Marathon | E93: Košice | F93: Slovakia | G93: October | I93: Full | K93: 10 | L93: 1924
B94: Others | C94: 5 | D94: Kuala Lumpur Marathon | E94: Kuala Lumpur | F94: Malaysia | G94: October | I94: Full | K94: 10 | L94: 2009
B95: Others | C95: 5 | D95: Nairobi Marathon | E95: Nairobi | F95: Kenya | G95: October | I95: Full | K95: 10 | L95: 2003
B96: Others | C96: 5 | D96: Sofia Marathon | E96: Sofia | F96: Bulgaria | G96: October | I96: Full | K96: 10 | L96: 1983
B97: Others | C97: 5 | D97: Venice Marathon | E97: Venice | F97: Italy | G97: October | I97: Full | K97: 10 | L97: 1986
... B103: Others | C103: 5 | D103: Porto Marathon | E103: Porto | F103: Portugal | G103: November | I103: Full | K103: 11 | L103: 2004
B104: Others | C104: 5 | D104: Málaga Marathon | E104: Malaga | F104: Spain | G104: December | I104: Full | K104: 12 | L104: 2010
B105: Others | C105: 5 | D105: Tunis-Carthage Marathon | E105: Tunis | F105: Tunisia | G105: December | I105: Full | K105: 12 | L105: 1986
B106: NY | D106: Virtual NYRR Resolution Run 5K | G106: January | P106: 1 | R106: 1
B107: NY | D107: NYRR Manhattan 10K | G107: February | H107: 45689 | I107: 10k | J107: 35 | K107: 2 | N107: 46054 | P107: 1 | Q107: 1
B108: NY | D108: Virtual NYRR Black History Month Challenge | G108: February | I108: 28 miles | J108: 21.15 | R108: 1
B109: NY | D109: United Airlines NYC Half Marathon | F109: United States | G109: March | H109: 46096 | I109: Half | K109: 3 | N109: 45951 | P109: 1 | Q109: 1
B110: NY | D110: Virtual United Airlines NYC Half Medal | G110: March | I110: Half* | K110: 3
B111: NY | D111: NYCRUNS Brooklyn Experience Half Marathon | F111: United States | G111: April | H111: 46138 | I111: Half | K111: 4 | N111: Jun | O111: Oct
B112: NJ | D112: Jersey City Marathon | G112: April | H112: 46131 | I112: Full | J112: 140 | K112: 4
D113: NYRR Mindful 5K | G113: May | P113: 1
D114: NYRR Brooklyn R-U-N 5K | G114: May | I114: 5k | P114: 1
D115: Virtual Global Running Day 5K | G115: May | I115: 5k | P115: 1 | R115: 1
B116: NY | D116: RBC Brooklyn Half Marathon | F116: United States | G116: May | I116: Half | K116: 5 | N116: Dec | O116: Jan | P116: 1 | Q116: 1
B117: NY | D117: Virtual RBC Brooklyn Half Marathon | G117: May | I117: Half* | J117: 58.16 | Q117: 1 | R117: 1
B118: NY | D118: Citizens Queens 10K | G118: June | I118: 10k | J118: 52.87 | K118: 6 | P118: 1 | Q118: 1
D119: Achilles Hope & Possibility 4M Presented by TD Bank | G119: June | I119: 4m | J119: 26.43 | P119: 1
B120: NY | D120: NYRR Grete's Great Gallop 10K | G120: August | I120: 10k | J120: 35 | K120: 8 | P120: 1
B121: NY | D121: New Balance 5th Avenue Mile | G121: September | I121: 1m | J121: 55 | K121: 9 | P121: 1
B122: NY | D122: New Balance Bronx 10 Mile | G122: September | I122: 10m | J122: 60 | K122: 9 | P122: 1 | Q122: 1
...

Sheet Nike training program_42k
C2: Recovery | H2: Recovery | M2: Speed | R2: Recovery | W2: Long | AC2: Recovery | AI2: Recovery | AO2: Speed | AU2: Recovery | BA2: Long
B3: Week | C3: Laps | D3: Category | E3: Pace | F3: Distance | G3: Min | H3: Laps | I3: Category | J3: Pace | K3: Distance | L3: Min | M3: Laps | N3: Category | O3: Pace | P3: Distance | Q3: Min | R3: Laps | S3: Category | T3: Pace | U3: Distance | V3: Min | W3: Laps | X3: Category | Y3: Pace | Z3: Distance | AA3: Min | AC3: Laps | AD3: Category | AE3: Pace | AF3: Distance | AG3: Min | AI3: Laps | AJ3: Category | AK3: Pace | AL3: Distance | AM3: Min | AO3: Laps | AP3: Category | AQ3: Pace | AR3: Distance | AS3: Min | AU3: Laps | AV3: Category | AW3: Pace | AX3: Distance | AY3: Min | BA3: Laps | BB3: Category | BC3: Pace | BD3: Distance | BE3: Min
B4: W-18 | C4: 1 | D4: Recovery | E4: 05:39 | F4: 1.77 | G4: 10:00 | H4: 1 | I4: Warm-up | J4: - | K4: - | L4: 05:00 | M4: 1 | N4: Recovery | O4: - | P4: 3.2 | Q4: - | R4: 1 | S4: Recovery | T4: 05:39 | U4: 1.24 | V4: 07:00 | W4: 1 | X4: Long | Y4: - | Z4: 8 | AA4: - | AC4: 1 | AD4: Recovery | AE4: 05:39 | AF4: 1.8 | AG4: 10:00 | AI4: 1 | AJ4: Warm-up | AK4: - | AL4: - | AM4: 05:00 | AO4: 1 | AP4: Recovery | AQ4: 05:39 | AR4: 3.2 | AS4: - | AU4: 1 | AV4: Recovery | AW4: 05:39 | AX4: 1.2 | AY4: 07:00 | BA4: 1 | BB4: Long | BC4: - | BD4: 8 | BE4: -
H5: 8 | I5: 5k | J5: 04:37 | K5: 0.217 | L5: 01:00 | AI5: 8 | AJ5: 5k | AK5: 04:37 | AL5: 0.2 | AM5: 01:00
H6: 7 | I6: Recovery | J6: 05:39 | K6: 0.177 | L6: 01:00 | AJ6: Recovery | AK6: 05:39 | AL6: 0.2 | AM6: 01:00
B7: W-17 | C7: 1 | D7: Recovery | E7: 05:39 | F7: 2.12 | G7: 12:00 | H7: 1 | I7: Recovery | J7: - | K7: 5 | L7: - | M7: 1 | N7: Warm-up | O7: - | P7: - | Q7: 05:00 | R7: 1 | S7: Recovery | T7: - | U7: 1.6 | V7: - | W7: 1 | X7: Long | Y7: - | Z7: 10 | AA7: - | AC7: 1 | AD7: Recovery | AE7: 05:39 | AF7: 2.1 | AG7: 12:00 | AI7: 1 | AJ7: Recovery | AK7: 05:39 | AL7: 5 | AM7: - | AO7: 1 | AP7: Warm-up | AQ7: - | AR7: - | AS7: 05:00 | AU7: 1 | AV7: Recovery | AW7: 05:39 | AX7: 1.6 | AY7: - | BA7: 1 | BB7: Long | BC7: - | BD7: 10 | BE7: -
M8: 1 | N8: 5k | O8: 04:37 | P8: 0.217 | Q8: 01:00 | AO8: 1 | AP8: 5k | AQ8: 04:37 | AR8: 0.2 | AS8: 01:00
M9: 1 | N9: Recovery | O9: 05:39 | P9: 0.177 | Q9: 01:00 | AP9: Recovery | AQ9: 05:39 | AR9: 0.2 | AS9: 01:00
M10: 1 | N10: 10k | O10: 04:46 | P10: 0.42 | Q10: 02:00 | AO10: 1 | AP10: 10k | AQ10: 04:46 | AR10: 0.4 | AS10: 02:00
M11: 1 | N11: Recovery | O11: 05:39 | P11: 0.177 | Q11: 01:00 | AP11: Recovery | AQ11: 05:39 | AR11: 0.2 | AS11: 01:00
M12: 1 | N12: 5k | O12: 04:37 | P12: 0.217 | Q12: 01:00 | AO12: 1 | AP12: 5k | AQ12: 04:37 | AR12: 0.2 | AS12: 01:00
M13: 1 | N13: Recovery | O13: 05:39 | P13: 0.177 | Q13: 01:00 | AP13: Recovery | AQ13: 05:39 | AR13: 0.2 | AS13: 01:00
M14: 2 | N14: Mile | O14: 04:25 | P14: 0.17 | Q14: 00:45 | AO14: 2 | AP14: Mile | AQ14: 04:25 | AR14: 0.2 | AS14: 00:45
M15: 2 | N15: Recovery | O15: 05:39 | P15: 0.177 | Q15: 01:00 | AP15: Recovery | AQ15: 05:39 | AR15: 0.2 | AS15: 01:00
M16: 1 | N16: 10k | O16: 04:46 | P16: 0.42 | Q16: 02:00 | AO16: 1 | AP16: 10k | AQ16: 04:46 | AR16: 0.4 | AS16: 02:00
M17: 1 | N17: Recovery | O17: 05:39 | P17: 0.177 | Q17: 01:00 | AP17: Recovery | AQ17: 05:39 | AR17: 0.2 | AS17: 01:00
M18: 1 | N18: 5k | O18: 04:37 | P18: 0.217 | Q18: 01:00 | AO18: 1 | AP18: 5k | AQ18: 04:37 | AR18: 0.2 | AS18: 01:00
M19: 1 | N19: Recovery | O19: 05:39 | P19: 0.177 | Q19: 01:00 | AP19: Recovery | AQ19: 05:39 | AR19: 0.2 | AS19: 01:00
M20: 1 | N20: Mile | O20: 04:25 | P20: 0.17 | Q20: 00:45 | AO20: 1 | AP20: Mile | AQ20: 04:25 | AR20: 0.15 | AS20: 00:45
M21: 1 | N21: Recovery | O21: 05:39 | P21: 0.177 | Q21: 01:00 | AP21: Recovery | AQ21: 05:39 | AR21: 0.2 | AS21: 01:00
M22: 1 | N22: Best | O22: 04:13 | P22: 0.119 | Q22: 00:30 | AO22: 1 | AP22: Best | AQ22: 04:13 | AR22: 0.1 | AS22: 00:30
M23: 1 | N23: Recovery | O23: 05:39 | P23: 0.177 | Q23: 01:00 | AP23: Recovery | AQ23: 05:39 | AR23: 0.2 | AS23: 01:00
M24: 1 | N24: Best | O24: 04:13 | P24: 0.059 | Q24: 00:15 | AO24: 1 | AP24: Best | AQ24: 04:13 | AR24: 0.05 | AS24: 00:15
B25: W-16 | C25: 1 | D25: Recovery | E25: 05:39 | F25: 2.65 | G25: 15:00 | H25: 1 | I25: Recovery | J25: - | K25: 5 | L25: - | M25: 1 | N25: Warm-up | O25: - | P25: - | Q25: 05:00 | R25: 1 | S25: Recovery | T25: 05:39 | U25: 4.42 | V25: 25:00 | W25: 1 | X25: Long | Y25: - | Z25: 11.25 | AA25: - | AC25: 1 | AD25: Recovery | AE25: 05:39 | AF25: 2.6 | AG25: 15:00 | AI25: 1 | AJ25: Recovery | AK25: 05:39 | AL25: 5 | AM25: - | AO25: 1 | AP25: Warm-up | AQ25: - | AR25: - | AS25: 05:00 | AU25: 1 | AV25: Recovery | AW25: 05:39 | AX25: 4.4 | AY25: 25:00 | BA25: 1 | BB25: Long | BC25: - | BD25: 11.25 | BE25: -
M26: 7 | N26: 5k | O26: 04:37 | P26: 0.217 | Q26: 01:00 | AO26: 7 | AP26: 5k | AQ26: 04:37 | AR26: 0.2 | AS26: 01:00
M27: 7 | N27: Recovery | O27: 05:39 | P27: 0.354 | Q27: 02:00 | AP27: Recovery | AQ27: 05:39 | AR27: 0.4 | AS27: 02:00
B28: W-15 | C28: 1 | D28: Recovery | E28: 05:39 | F28: 3.54 | G28: 20:00 | H28: 1 | I28: Recovery | J28: 05:39 | K28: 5.31 | L28: 30:00 | M28: 1 | N28: Hill | O28: - | P28: - | Q28: 05:00 | R28: 1 | S28: Recovery | T28: 05:39 | U28: 6.19 | V28: 35:00 | W28: 1 | X28: Long | Y28: - | Z28: 10 | AA28: - | AC28: 1 | AD28: Recovery | AE28: 05:39 | AF28: 3.5 | AG28: 20:00 | AI28: 1 | AJ28: Recovery | AK28: 05:39 | AL28: 5.3 | AM28: 30:00 | AO28: 1 | AP28: Hill | AQ28: - | AR28: - | AS28: 05:00 | AU28: 1 | AV28: Recovery | AW28: 05:39 | AX28: 6.2 | AY28: 35:00 | BA28: 1 | BB28: Long | BC28: - | BD28: 10 | BE28: -
M29: 5 | N29: 10k | O29: 04:46 | P29: 0.157 | Q29: 00:45 | AO29: 5 | AP29: 10k | AQ29: 04:46 | AR29: 0.15 | AS29: 00:45
M30: 5 | N30: Recovery | O30: 05:39 | P30: 0.221 | Q30: 01:15 | AP30: Recovery | AQ30: 05:39 | AR30: 0.2 | AS30: 01:15
M31: 5 | N31: Best | O31: 04:13 | P31: 0.059 | Q31: 00:15 | AO31: 5 | AP31: Best | AQ31: 04:13 | AR31: 0.05 | AS31: 00:15
M32: 5 | N32: Recovery | O32: 05:39 | P32: 0.133 | Q32: 00:45 | AP32: Recovery | AQ32: 05:39 | AR32: 0.15 | AS32: 00:45
B33: W-14 | C33: 1 | D33: Recovery | E33: 05:39 | F33: 4.42 | G33: 25:00 | H33: 1 | I33: Recovery | J33: 05:39 | K33: 7.08 | L33: 40:00 | M33: 1 | N33: Warm-up | O33: - | P33: - | Q33: 07:00 | R33: 1 | S33: Recovery | T33: 05:39 | U33: 7.96 | V33: 45:00 | W33: 1 | X33: Long | Y33: - | Z33: 13 | AA33: - | AC33: 1 | AD33: Recovery | AE33: 05:39 | AF33: 4.4 | AG33: 25:00 | AI33: 1 | AJ33: Recovery | AK33: 05:39 | AL33: 7.1 | AM33: 40:00 | AO33: 1 | AP33: Warm-up | AQ33: - | AR33: - | AS33: 07:00 | AU33: 1 | AV33: Recovery | AW33: 05:39 | AX33: 8 | AY33: 45:00 | BA33: 1 | BB33: Long | BC33: - | BD33: 13 | BE33: -
M34: 3 | N34: 5k | O34: 04:37 | P34: 0.433 | Q34: 02:00 | AO34: 3 | AP34: 5k | AQ34: 04:37 | AR34: 0.4 | AS34: 02:00
M35: 3 | N35: Recovery | O35: 05:39 | P35: 0.177 | Q35: 01:00 | AP35: Recovery | AQ35: 05:39 | AR35: 0.2 | AS35: 01:00
M36: 1 | N36: Tempo | O36: 04:59 | P36: 2.01 | Q36: 10:00 | AO36: 1 | AP36: Tempo | AQ36: 04:59 | AR36: 2 | AS36: 10:00
M37: 1 | N37: Recovery | O37: 05:39 | P37: 0.354 | Q37: 02:00 | AO37: 1 | AP37: Recovery | AQ37: 05:39 | AR37: 0.4 | AS37: 02:00
M38: 3 | N38: 5k | O38: 04:37 | P38: 0.433 | Q38: 02:00 | AP38: 5k | AQ38: 04:37 | AR38: 0.4 | AS38: 02:00
B39: W-13 | C39: 1 | D39: Recovery | E39: 05:39 | F39: 5.31 | G39: 30:00 | H39: 1 | I39: Recovery | J39: 05:39 | K39: 6.19 | L39: 35:00 | M39: 1 | N39: Warm-up | O39: - | P39: - | Q39: 05:00 | R39: 1 | S39: Recovery | T39: 05:39 | U39: 7.96 | V39: 45:00 | W39: 1 | X39: Long | Y39: - | Z39: 16 | AA39: - | AC39: 1 | AD39: Recovery | AE39: 05:39 | AF39: 5.3 | AG39: 30:00 | AI39: 1 | AJ39: Recovery | AK39: 05:39 | AL39: 6.2 | AM39: 35:00 | AO39: 1 | AP39: Warm-up | AQ39: - | AR39: - | AS39: 05:00 | AU39: 1 | AV39: Recovery | AW39: 05:39 | AX39: 8 | AY39: 45:00 | BA39: 1 | BB39: Long | BC39: - | BD39: 16 | BE39: -
M40: 3 | N40: 5k | O40: 04:37 | P40: 0.65 | Q40: 03:00 | AO40: 3 | AP40: 5k | AQ40: 04:37 | AR40: 0.7 | AS40: 03:00
M41: 3 | N41: Recovery | O41: 05:39 | P41: 0.354 | Q41: 02:00 | AP41: Recovery | AQ41: 05:39 | AR41: 0.4 | AS41: 02:00
M42: 12 | N42: Mile | O42: 04:25 | P42: 0.113 | Q42: 00:30 | AO42: 12 | AP42: Mile | AQ42: 04:25 | AR42: 0.1 | AS42: 00:30
M43: 12 | N43: Recovery | O43: 05:39 | P43: 0.177 | Q43: 01:00 | AP43: Recovery | AQ43: 05:39 | AR43: 0.2 | AS43: 01:00
B44: W-12 | C44: 1 | D44: Recovery | E44: 05:39 | F44: 6.19 | G44: 35:00 | H44: 1 | I44: Recovery | J44: 05:39 | K44: 5.31 | L44: 30:00 | M44: 1 | N44: Warm-up | O44: - | P44: - | Q44: 07:00 | R44: 1 | S44: Recovery | T44: 05:39 | U44: 8.5 | V44: 48:00 | W44: 1 | X44: Long | Y44: - | Z44: 15 | AA44: - | AC44: 1 | AD44: Recovery | AE44: 05:39 | AF44: 6.2 | AG44: 35:00 | AI44: 1 | AJ44: Recovery | AK44: 05:39 | AL44: 5.3 | AM44: 30:00 | AO44: 1 | AP44: Warm-up | AQ44: - | AR44: - | AS44: 07:00 | AU44: 1 | AV44: Recovery | AW44: 05:39 | AX44: 8.5 | AY44: 48:00 | BA44: 1 | BB44: Long | BC44: - | BD44: 15 | BE44: -
M45: 1 | N45: Tempo | O45: 04:59 | P45: 4.01 | Q45: 20:00 | AO45: 1 | AP45: Tempo | AQ45: 04:59 | AR45: 4 | AS45: 20:00
B46: W-11 | C46: 1 | D46: Recovery | E46: 05:39 | F46: 6.19 | G46: 35:00 | H46: 1 | I46: Recovery | J46: 05:39 | K46: 4.42 | L46: 25:00 | M46: 1 | N46: Warm-up | O46: - | P46: - | Q46: 05:00 | R46: 1 | S46: Recovery | T46: 05:39 | U46: 10.62 | V46: 60:00 | W46: 1 | X46: Long | Y46: - | Z46: 20 | AA46: - | AC46: 1 | AD46: Recovery | AE46: 05:39 | AF46: 6.2 | AG46: 35:00 | AI46: 1 | AJ46: Recovery | AK46: 05:39 | AL46: 4.4 | AM46: 25:00 | AO46: 1 | AP46: Warm-up | AQ46: - | AR46: - | AS46: 05:00 | AU46: 1 | AV46: Recovery | AW46: 05:39 | AX46: 10.6 | AY46: 60:00 | BA46: 1 | BB46: Long | BC46: - | BD46: 20 | BE46: -
M47: 3 | N47: 5k | O47: 04:37 | P47: 1.52 | Q47: 07:00 | AO47: 3 | AP47: 5k | AQ47: 04:37 | AR47: 1.5 | AS47: 07:00
M48: 2 | N48: Recovery | O48: 05:39 | P48: 0.442 | Q48: 02:30 | AP48: Recovery | AQ48: 05:39 | AR48: 0.4 | AS48: 02:30
B49: W-10 | C49: 1 | D49: Recovery | E49: 05:39 | F49: 7.96 | G49: 45:00 | H49: 1 | I49: Recovery | J49: 05:39 | K49: 5.66 | L49: 32:00 | M49: 1 | N49: Warm-up | O49: - | P49: - | Q49: 07:00 | R49: 1 | S49: Recovery | T49: 05:39 | U49: 5.84 | V49: 33:00 | W49: 1 | X49: Long | Y49: - | Z49: 21.1 | AA49: - | AC49: 1 | AD49: Recovery | AE49: 05:39 | AF49: 8 | AG49: 45:00 | AI49: 1 | AJ49: Recovery | AK49: 05:39 | AL49: 5.7 | AM49: 32:00 | AO49: 1 | AP49: Warm-up | AQ49: - | AR49: - | AS49: 07:00 | AU49: 1 | AV49: Recovery | AW49: 05:39 | AX49: 5.8 | AY49: 33:00 | BA49: 1 | BB49: Long | BC49: - | BD49: 21.1 | BE49: -
M50: 1 | N50: Tempo | O50: 04:59 | P50: 5.02 | Q50: 25:00 | AO50: 1 | AP50: Tempo | AQ50: 04:59 | AR50: 5 | AS50: 25:00
B51: W-09 | C51: 1 | D51: Recovery | E51: 05:39 | F51: 8.85 | G51: 50:00 | H51: 1 | I51: Recovery | J51: 05:39 | K51: 10.62 | L51: 60:00 | M51: 1 | N51: Warm-up | O51: - | P51: - | Q51: 05:00 | R51: 1 | S51: Recovery | T51: 05:39 | U51: 5.84 | V51: 33:00 | W51: 1 | X51: Long | Y51: 05:11 | Z51: 23.15 | AA51: 120:00 | AC51: 1 | AD51: Recovery | AE51: 05:39 | AF51: 8.8 | AG51: 50:00 | AI51: 1 | AJ51: Recovery | AK51: 05:39 | AL51: 10.6 | AM51: 60:00 | AO51: 1 | AP51: Warm-up | AQ51: - | AR51: - | AS51: 05:00 | AU51: 1 | AV51: Recovery | AW51: 05:39 | AX51: 5.8 | AY51: 33:00 | BA51: 1 | BB51: Long | BC51: - | BE51: 120:00
M52: 5 | N52: 10k | O52: 04:46 | P52: 1.05 | Q52: 05:00 | AO52: 5 | AP52: 10k | AQ52: 04:46 | AR52: 1.1 | AS52: 05:00
M53: 4 | N53: Recovery | O53: 05:39 | P53: 0.354 | Q53: 02:00 | AP53: Recovery | AQ53: 05:39 | AR53: 0.4 | AS53: 02:00
B54: W-08 | C54: 1 | D54: Recovery | E54: 05:39 | F54: 7.08 | G54: 40:00 | H54: 1 | I54: Recovery | J54: 05:39 | K54: 6.19 | L54: 35:00 | M54: 1 | N54: Warm-up | O54: - | P54: - | Q54: 05:00 | R54: 1 | S54: Recovery | T54: 05:39 | U54: 5.31 | V54: 30:00 | W54: 1 | X54: Long | Y54: - | Z54: 22-26 | AA54: - | AC54: 1 | AD54: Recovery | AE54: 05:39 | AF54: 7.1 | AG54: 40:00 | AI54: 1 | AJ54: Recovery | AK54: 05:39 | AL54: 6.2 | AM54: 35:00 | AO54: 1 | AP54: Warm-up | AQ54: - | AR54: - | AS54: 05:00 | AU54: 1 | AV54: Recovery | AW54: 05:39 | AX54: 5.3 | AY54: 30:00 | BA54: 1 | BB54: Long | BC54: - | BD54: 22-26 | BE54: -
M55: 1 | N55: Tempo | O55: 04:59 | P55: 2.41 | Q55: 12:00 | AO55: 1 | AP55: Tempo | AQ55: 04:59 | AR55: 2.4 | AS55: 12:00
M56: 1 | N56: Tempo | O56: 04:59 | P56: 2.21 | Q56: 11:00 | AP56: Tempo | AQ56: 04:59 | AR56: 2.2 | AS56: 11:00
B57: W-07 | C57: 1 | D57: Recovery | E57: 05:39 | F57: 10.62 | G57: 60:00 | H57: 1 | I57: Recovery | J57: 05:39 | K57: 5.31 | L57: 30:00 | M57: 1 | N57: Hill | O57: - | P57: - | Q57: 05:00 | R57: 1 | S57: Recovery | T57: 05:39 | U57: 5.31 | V57: 30:00 | W57: 1 | X57: Long | Y57: - | Z57: 26-29 | AA57: - | AC57: 1 | AD57: Recovery | AE57: 05:39 | AF57: 10.6 | AG57: 60:00 | AI57: 1 | AJ57: Recovery | AK57: 05:39 | AL57: 5.3 | AM57: 30:00 | AO57: 1 | AP57: Hill | AQ57: - | AR57: - | AS57: 05:00 | AU57: 1 | AV57: Recovery | AW57: 05:39 | AX57: 5.3 | AY57: 30:00 | BA57: 1 | BB57: Long | BC57: - | BD57: 26-29 | BE57: -
M58: 3 | N58: 10k | O58: 04:46 | P58: 0.21 | Q58: 01:00 | AO58: 3 | AP58: 10k | AQ58: 04:46 | AR58: 0.2 | AS58: 01:00
M59: 3 | N59: Recovery | O59: 05:39 | P59: 0.354 | Q59: 02:00 | AP59: Recovery | AQ59: 05:39 | AR59: 0.4 | AS59: 02:00
M60: 3 | N60: 5k | O60: 04:37 | P60: 0.162 | Q60: 00:45 | AO60: 3 | AP60: 5k | AQ60: 04:37 | AR60: 0.15 | AS60: 00:45
M61: 3 | N61: Recovery | O61: 05:39 | P61: 0.265 | Q61: 01:30 | AP61: Recovery | AQ61: 05:39 | AR61: 0.25 | AS61: 01:30
M62: 3 | N62: Mile | O62: 04:25 | P62: 0.113 | Q62: 00:30 | AO62: 3 | AP62: Mile | AQ62: 04:25 | AR62: 0.1 | AS62: 00:30
M63: 3 | N63: Recovery | O63: 05:39 | P63: 0.177 | Q63: 01:00 | AP63: Recovery | AQ63: 05:39 | AR63: 0.2 | AS63: 01:00
B64: W-06 | C64: 1 | D64: Recovery | E64: 05:39 | F64: 11.5 | G64: 65:00 | H64: 1 | I64: Recovery | J64: 05:39 | K64: 5.49 | L64: 31:00 | M64: 1 | N64: Warm-up | O64: - | P64: - | Q64: 05:00 | R64: 1 | S64: Recovery | T64: 05:39 | U64: 5.31 | V64: 30:00 | W64: 1 | X64: Long | Y64: 05:11 | Z64: 17.36 | AA64: 90:00 | AC64: 1 | AD64: Recovery | AE64: 05:39 | AF64: 11.5 | AG64: 65:00 | AI64: 1 | AJ64: Recovery | AK64: 05:39 | AL64: 5.5 | AM64: 31:00 | AO64: 1 | AP64: Warm-up | AQ64: - | AR64: - | AS64: 05:00 | AU64: 1 | AV64: Recovery | AW64: 05:39 | AX64: 5.3 | AY64: 30:00 | BA64: 1 | BB64: Long | BC64: - | BD64: - | BE64: 90:00
M65: 3 | N65: 10k | O65: 04:46 | P65: 1.68 | Q65: 08:00 | AO65: 3 | AP65: 10k | AQ65: 04:46 | AR65: 1.7 | AS65: 08:00
M66: 3 | N66: Recovery | O66: 05:39 | P66: 0.531 | Q66: 03:00 | AP66: Recovery | AQ66: 05:39 | AR66: 0.5 | AS66: 03:00
M67: 3 | N67: 5k | O67: 04:37 | P67: 0.866 | Q67: 04:00 | AO67: 3 | AP67: 5k | AQ67: 04:37 | AR67: 0.9 | AS67: 04:00
M68: 3 | N68: Recovery | O68: 05:39 | P68: 0.354 | Q68: 02:00 | AP68: Recovery | AQ68: 05:39 | AR68: 0.4 | AS68: 02:00
M69: 3 | N69: Mile | O69: 04:25 | P69: 0.453 | Q69: 02:00 | AO69: 3 | AP69: Mile | AQ69: 04:25 | AR69: 0.5 | AS69: 02:00
M70: 3 | N70: Recovery | O70: 05:39 | P70: 0.354 | Q70: 02:00 | AP70: Recovery | AQ70: 05:39 | AR70: 0.4 | AS70: 02:00
B71: W-05 | C71: 1 | D71: Recovery | E71: 05:39 | F71: 13.27 | G71: 75:00 | H71: 1 | I71: Recovery | J71: 05:39 | K71: 4.42 | L71: 25:00 | M71: 1 | N71: Warm-up | O71: - | P71: - | Q71: 05:00 | R71: 1 | S71: Recovery | T71: 05:39 | U71: 5.31 | V71: 30:00 | W71: 1 | X71: Long | Y71: - | Z71: 29-35 | AA71: - | AC71: 1 | AD71: Recovery | AE71: 05:39 | AF71: 13.3 | AG71: 75:00 | AI71: 1 | AJ71: Recovery | AK71: 05:39 | AL71: 4.4 | AM71: 25:00 | AO71: 1 | AP71: Warm-up | AQ71: - | AR71: - | AS71: 05:00 | AU71: 1 | AV71: Recovery | AW71: 05:39 | AX71: 5.3 | AY71: 30:00 | BA71: 1 | BB71: Long | BC71: - | BD71: 29-35 | BE71: -
M72: 7 | N72: 5k | O72: 04:37 | P72: 0.433 | Q72: 02:00 | AO72: 7 | AP72: 5k | AQ72: 04:37 | AR72: 0.4 | AS72: 02:00
M73: 7 | N73: Recovery | O73: 05:39 | P73: 0.177 | Q73: 01:00 | AP73: Recovery | AQ73: 05:39 | AR73: 0.2 | AS73: 01:00
B74: W-04 | C74: 1 | D74: Recovery | E74: 05:39 | F74: 7.96 | G74: 45:00 | H74: 1 | I74: Recovery | J74: 05:39 | K74: 7.96 | L74: 45:00 | M74: 1 | N74: Warm-up | O74: - | P74: - | Q74: 05:00 | R74: 1 | S74: Recovery | T74: 05:39 | U74: 4.42 | V74: 25:00 | W74: 1 | X74: Long | Y74: - | Z74: 24-26 | AA74: - | AC74: 1 | AD74: Recovery | AE74: 05:39 | AF74: 8 | AG74: 45:00 | AI74: 1 | AJ74: Recovery | AK74: 05:39 | AL74: 8 | AM74: 45:00 | AO74: 1 | AP74: Warm-up | AQ74: - | AR74: - | AS74: 05:00 | AU74: 1 | AV74: Recovery | AW74: 05:39 | AX74: 4.4 | AY74: 25:00 | BA74: 1 | BB74: Long | BC74: - | BD74: 24-26 | BE74: -
M75: 1 | N75: Mile | O75: 04:25 | P75: 0.226 | Q75: 01:00 | AO75: 1 | AP75: Mile | AQ75: 04:25 | AR75: 0.25 | AS75: 01:00
M76: 1 | N76: Recovery | O76: 05:39 | P76: 0.088 | Q76: 00:30 | AP76: Recovery | AQ76: 05:39 | AR76: 0.1 | AS76: 00:30
M77: 1 | N77: 5k | O77: 04:37 | P77: 1.08 | Q77: 05:00 | AO77: 1 | AP77: 5k | AQ77: 04:37 | AR77: 1.1 | AS77: 05:00
M78: 1 | N78: Recovery | O78: 05:39 | P78: 0.442 | Q78: 02:30 | AP78: Recovery | AQ78: 05:39 | AR78: 0.4 | AS78: 02:30
M79: 1 | N79: 10k | O79: 04:46 | P79: 2.1 | Q79: 10:00 | AO79: 1 | AP79: 10k | AQ79: 04:46 | AR79: 2.1 | AS79: 10:00
M80: 1 | N80: Recovery | O80: 05:39 | P80: 0.531 | Q80: 03:00 | AP80: Recovery | AQ80: 05:39 | AR80: 0.5 | AS80: 03:00
M81: 1 | N81: 5k | O81: 04:37 | P81: 1.08 | Q81: 05:00 | AO81: 1 | AP81: 5k | AQ81: 04:37 | AR81: 1.1 | AS81: 05:00
M82: 1 | N82: Recovery | O82: 05:39 | P82: 0.442 | Q82: 02:30 | AP82: Recovery | AQ82: 05:39 | AR82: 0.4 | AS82: 02:30
M83: 1 | N83: Mile | O83: 04:25 | P83: 0.226 | Q83: 01:00 | AO83: 1 | AP83: Mile | AQ83: 04:25 | AR83: 0.25 | AS83: 01:00
B84: W-03 | C84: 1 | D84: Recovery | E84: 05:39 | F84: 14.16 | G84: 80:00 | H84: 1 | I84: Recovery | J84: 05:39 | K84: 4.42 | L84: 25:00 | M84: 1 | N84: Warm-up | O84: - | P84: 2 | Q84: - | R84: 1 | S84: Recovery | T84: 05:39 | U84: 5.31 | V84: 30:00 | W84: 1 | X84: Long | Y84: - | Z84: 19-23 | AA84: - | AC84: 1 | AD84: Recovery | AE84: 05:39 | AF84: 14.2 | AG84: 80:00 | AI84: 1 | AJ84: Recovery | AK84: 05:39 | AL84: 4.4 | AM84: 25:00 | AO84: 1 | AP84: Warm-up | AQ84: - | AR84: 2 | AS84: - | AU84: 1 | AV84: Recovery | AW84: 05:39 | AX84: 5.3 | AY84: 30:00 | BA84: 1 | BB84: Long | BC84: - | BD84: 19-23 | BE84: -
M85: 1 | N85: Tempo | O85: 04:59 | P85: 8 | Q85: - | AO85: 1 | AP85: Tempo | AQ85: 04:59 | AR85: 8 | AS85: -
M86: 1 | N86: Cool down | O86: - | P86: 2 | Q86: - | AO86: 1 | AP86: Recovery | AQ86: - | AR86: 2 | AS86: -
B87: W-02 | C87: 1 | D87: Recovery | E87: 05:39 | F87: 7.96 | G87: 45:00 | H87: 1 | I87: Recovery | J87: - | K87: 6.5 | L87: - | M87: 1 | N87: Warm-up | O87: - | P87: - | Q87: 06:00 | R87: 1 | S87: Recovery | T87: 05:39 | U87: 10.62 | V87: 60:00 | W87: 1 | X87: Long | Y87: - | Z87: 16 | AA87: - | AC87: 1 | AD87: Recovery | AE87: 05:39 | AF87: 8 | AG87: 45:00 | AI87: 1 | AJ87: Recovery | AK87: 05:39 | AL87: 6.5 | AM87: - | AO87: 1 | AP87: Warm-up | AQ87: - | AR87: - | AS87: 06:00 | AU87: 1 | AV87: Recovery | AW87: 05:39 | AX87: 10.6 | AY87: 60:00 | BA87: 1 | BB87: Long | BC87: - | BD87: 16 | BE87: -
M88: 1 | N88: Mile | O88: 04:25 | P88: 0.226 | Q88: 01:00 | AO88: 1 | AP88: Mile | AQ88: 04:25 | AR88: 0.25 | AS88: 01:00
M89: 1 | N89: Recovery | O89: 05:39 | P89: 0.088 | Q89: 00:30 | AP89: Recovery | AQ89: 05:39 | AR89: 0.1 | AS89: 00:30
M90: 1 | N90: 5k | O90: 04:37 | P90: 0.65 | Q90: 03:00 | AO90: 1 | AP90: 5k | AQ90: 04:37 | AR90: 0.7 | AS90: 03:00
M91: 1 | N91: Recovery | O91: 05:39 | P91: 0.265 | Q91: 01:30 | AP91: Recovery | AQ91: 05:39 | AR91: 0.25 | AS91: 01:30
M92: 1 | N92: 10k | O92: 04:46 | P92: 1.05 | Q92: 05:00 | AO92: 1 | AP92: 10k | AQ92: 04:46 | AR92: 1.1 | AS92: 05:00
M93: 1 | N93: Recovery | O93: 05:39 | P93: 0.442 | Q93: 02:30 | AP93: Recovery | AQ93: 05:39 | AR93: 1.6 | AS93: 09:30
M94: 1 | N94: Recovery | O94: 05:39 | P94: 1.24 | Q94: 07:00
B95: W-01 | C95: 1 | D95: Recovery | E95: - | F95: 5 | G95: - | H95: 1 | I95: Recovery | J95: 05:39 | K95: 4.42 | L95: 25:00 | M95: 1 | N95: Warm-up | O95: - | P95: - | Q95: 05:00 | R95: 1 | S95: Recovery | T95: - | U95: 1.6 | V95: - | W95: 1 | X95: Race | Y95: - | Z95: 42.2 | AA95: - | AC95: 1 | AD95: Recovery | AE95: 05:39 | AF95: 5 | AG95: - | AI95: 1 | AJ95: Recovery | AK95: 05:39 | AL95: 4.4 | AM95: 25:00 | AO95: 1 | AP95: Warm-up | AQ95: - | AR95: - | AS95: 05:00 | AU95: 1 | AV95: Recovery | AW95: 05:39 | AX95: 1.6 | AY95: - | BA95: 1 | BB95: Race | BC95: - | BD95: 42.2 | BE95: -
M96: 1 | N96: Recovery | O96: 05:39 | P96: 0.885 | Q96: 05:00 | AO96: 1 | AP96: Recovery | AQ96: 05:39 | AR96: 0.9 | AS96: 05:00
M97: 1 | N97: 10k | O97: 04:46 | P97: 0.839 | Q97: 04:00 | AO97: 1 | AP97: 10k | AQ97: 04:46 | AR97: 0.8 | AS97: 04:00
M98: 1 | N98: 5k | O98: 04:37 | P98: 0.65 | Q98: 03:00 | AO98: 1 | AP98: 5k | AQ98: 04:37 | AR98: 0.7 | AS98: 03:00
M99: 1 | N99: Mile | O99: 04:25 | P99: 0.453 | Q99: 02:00 | AO99: 1 | AP99: Mile | AQ99: 04:25 | AR99: 0.5 | AS99: 02:00
M100: 1 | N100: Best | O100: 04:13 | P100: 0.237 | Q100: 01:00 | AO100: 1 | AP100: Best | AQ100: 04:13 | AR100: 0.25 | AS100: 01:00

Sheet Nike pace chart
B2: mile to km | D2: 1.60934 | E2: 60
D4: 5k | G4: 10k | I4: Tempo | K4: Half | N4: Full | P4: Recovery | V4: 5k | AI4: 10k | AO4: Tempo | AT4: Half | AZ4: Full | BG4: Recovery
B5: Mile best | C5: 5k best/avg mile pace | D5: Total | E5: Avg. | F5: 10k best/ avg mile pace | G5: Total | H5: Avg. | I5: tempo avg mile pace | J5: half marathon best/avg mile pace | K5: Total | L5: Avg. | M5: marathon best/ avg mile pace | N5: Total | O5: Avg. | P5: recovery day pace | Q5: Best | R5: Min | S5: Seconds | U5: Diff | V5: Total | W5: Min | X5: Seconds | AA5: Diff | AD5: Avg. | AE5: Min | AF5: Seconds | AH5: Diff | AI5: Total | AJ5: Avg. | AK5: Min | AL5: Seconds | AN5: Diff | AO5: tempo avg mile pace | AP5: Min | AQ5: Seconds | AS5: Diff | AT5: Total | AU5: Avg. | AV5: Min | AW5: Seconds | AY5: Diff | AZ5: Total | BA5: Avg. | BB5: Min | BC5: Seconds | BE5: Diff | BG5: recovery day pace | BH5: Min | BI5: Seconds | BK5: Diff
B6: 5:00 | C6: 17:05/5:30 | D6: 17:05 | E6: 5:30 | F6: 35:45/5:45 | G6: 35:45 | H6: 5:45 | I6: 6:05 | J6: 1:18:00/6:00 | K6: 1:18:00 | L6: 6:00 | M6: 2:44:00/ 6:15 | N6: 2:44:00 | O6: 6:15 | P6: 7:00 | Q6: =QUOTIENT((_xlfn.TEXTBEFORE(B6,":")*$E$2+_xlfn.TEXTAFTER(B6,":"))/$D$2,$E$2)&":"&TEXT(MOD((_xlfn.TEXTBEFORE(B6,":")*$E$2+_xlfn.TEXTAFTER(B6,":"))/$D$2,$E$2),"00") -> 3:06 | R6: =_xlfn.TEXTBEFORE(Q6,":") -> 3 | S6: =_xlfn.TEXTAFTER(Q6,":") -> 06 | T6: =R6*60+S6 -> 186 | U6: =T7-T6 -> 19 | V6: =D6 -> 17:05 | W6: =_xlfn.TEXTBEFORE(V6,":") -> 17 | X6: =_xlfn.TEXTAFTER(V6,":") -> 05 | Y6: =W6*60+X6 -> 1025 | Z6: =IF(AND(Y6>$BR$8,SUM($Z$5:Z5)=0),1,0) -> 0 | AA6: =Y7-Y6 -> 100 | AB6: =IF(Z7=1,$BR$8-Y6,0) -> 0 | AC6: =AB6/AA6 -> 0 | AD6: =QUOTIENT((_xlfn.TEXTBEFORE(E6,":")*$E$2+_xlfn.TEXTAFTER(E6,":"))/$D$2,$E$2)&":"&TEXT(MOD((_xlfn.TEXTBEFORE(E6,":")*$E$2+_xlfn.TEXTAFTER(E6,":"))/$D$2,$E$2),"00") -> 3:25 | AE6: =_xlfn.TEXTBEFORE(AD6,":") -> 3 | AF6: =_xlfn.TEXTAFTER(AD6,":") -> 25 | AG6: =AE6*60+AF6 -> 205 | AH6: =AG7-AG6 -> 19 | AI6: =G6 -> 35:45 | AJ6: =QUOTIENT((_xlfn.TEXTBEFORE(H6,":")*$E$2+_xlfn.TEXTAFTER(H6,":"))/$D$2,$E$2)&":"&TEXT(MOD((_xlfn.TEXTBEFORE(H6,":")*$E$2+_xlfn.TEXTAFTER(H6,":"))/$D$2,$E$2),"00") -> 3:34 | AK6: =_xlfn.TEXTBEFORE(AJ6,":") -> 3 | AL6: =_xlfn.TEXTAFTER(AJ6,":") -> 34 | AM6: =AK6*60+AL6 -> 214 | AN6: =AM7-AM6 -> 19 | AO6: =QUOTIENT((_xlfn.TEXTBEFORE(I6,":")*$E$2+_xlfn.TEXTAFTER(I6,":"))/$D$2,$E$2)&":"&TEXT(MOD((_xlfn.TEXTBEFORE(I6,":")*$E$2+_xlfn.TEXTAFTER(I6,":"))/$D$2,$E$2),"00") -> 3:47 | AP6: =_xlfn.TEXTBEFORE(AO6,":") -> 3 | AQ6: =_xlfn.TEXTAFTER(AO6,":") -> 47 | AR6: =AP6*60+AQ6 -> 227 | AS6: =AR7-AR6 -> 18 | AT6: =K6 -> 1:18:00 | AU6: =QUOTIENT((_xlfn.TEXTBEFORE(L6,":")*$E$2+_xlfn.TEXTAFTER(L6,":"))/$D$2,$E$2)&":"&TEXT(MOD((_xlfn.TEXTBEFORE(L6,":")*$E$2+_xlfn.TEXTAFTER(L6,":"))/$D$2,$E$2),"00") -> 3:44 | AV6: =_xlfn.TEXTBEFORE(AU6,":") -> 3 | AW6: =_xlfn.TEXTAFTER(AU6,":") -> 44 | AX6: =AV6*60+AW6 -> 224 | AY6: =AX7-AX6 -> 18 | AZ6: =N6 -> 2:44:00 | BA6: =QUOTIENT((_xlfn.TEXTBEFORE(O6,":")*$E$2+_xlfn.TEXTAFTER(O6,":"))/$D$2,$E$2)&":"&TEXT(MOD((_xlfn.TEXTBEFORE(O6,":")*$E$2+_xlfn.TEXTAFTER(O6,":"))/$D$2,$E$2),"00") -> 3:53 | BB6: =_xlfn.TEXTBEFORE(BA6,":") -> 3 | BC6: =_xlfn.TEXTAFTER(BA6,":") -> 53 | BD6: =BB6*60+BC6 -> 233 | BE6: =BD7-BD6 -> 22 | BF6: =BB6*60+BC6 -> 233 | BG6: =QUOTIENT((_xlfn.TEXTBEFORE(P6,":")*$E$2+_xlfn.TEXTAFTER(P6,":"))/$D$2,$E$2)&":"&TEXT(MOD((_xlfn.TEXTBEFORE(P6,":")*$E$2+_xlfn.TEXTAFTER(P6,":"))/$D$2,$E$2),"00") -> 4:21 | BH6: =_xlfn.TEXTBEFORE(BG6,":") -> 4 | BI6: =_xlfn.TEXTAFTER(BG6,":") -> 21 | BJ6: =BH6*60+BI6 -> 261 | BK6: =BJ7-BJ6 -> 22
B7: 5:30 | C7: 18:45/6:00 | D7: 18:45 | E7: 6:00 | F7: 39:00/6:15 | G7: 39:00 | H7: 6:15 | I7: 6:35 | J7: 1:25:00/6:30 | K7: 1:25:00 | L7: 6:30 | M7: 3:00:00/6:50 | N7: 3:00:00 | O7: 6:50 | P7: 7:35 | Q7: =QUOTIENT((_xlfn.TEXTBEFORE(B7,":")*$E$2+_xlfn.TEXTAFTER(B7,":"))/$D$2,$E$2)&":"&TEXT(MOD((_xlfn.TEXTBEFORE(B7,":")*$E$2+_xlfn.TEXTAFTER(B7,":"))/$D$2,$E$2),"00") -> 3:25 | R7: =_xlfn.TEXTBEFORE(Q7,":") -> 3 | S7: =_xlfn.TEXTAFTER(Q7,":") -> 25 | T7: =R7*60+S7 -> 205 | U7: =T8-T7 -> 19 | V7: =D7 -> 18:45 | W7: =_xlfn.TEXTBEFORE(V7,":") -> 18 | X7: =_xlfn.TEXTAFTER(V7,":") -> 45 | Y7: =W7*60+X7 -> 1125 | Z7: =IF(AND(Y7>$BR$8,SUM($Z$5:Z6)=0),1,0) -> 0 | AA7: =Y8-Y7 -> 90 | AB7: =IF(Z8=1,$BR$8-Y7,0) -> 0 | AC7: =AB7/AA7 -> 0 | AD7: =QUOTIENT((_xlfn.TEXTBEFORE(E7,":")*$E$2+_xlfn.TEXTAFTER(E7,":"))/$D$2,$E$2)&":"&TEXT(MOD((_xlfn.TEXTBEFORE(E7,":")*$E$2+_xlfn.TEXTAFTER(E7,":"))/$D$2,$E$2),"00") -> 3:44 | AE7: =_xlfn.TEXTBEFORE(AD7,":") -> 3 | AF7: =_xlfn.TEXTAFTER(AD7,":") -> 44 | AG7: =AE7*60+AF7 -> 224 | AH7: =AG8-AG7 -> 18 | AI7: =G7 -> 39:00 | AJ7: =QUOTIENT((_xlfn.TEXTBEFORE(H7,":")*$E$2+_xlfn.TEXTAFTER(H7,":"))/$D$2,$E$2)&":"&TEXT(MOD((_xlfn.TEXTBEFORE(H7,":")*$E$2+_xlfn.TEXTAFTER(H7,":"))/$D$2,$E$2),"00") -> 3:53 | AK7: =_xlfn.TEXTBEFORE(AJ7,":") -> 3 | AL7: =_xlfn.TEXTAFTER(AJ7,":") -> 53 | AM7: =AK7*60+AL7 -> 233 | AN7: =AM8-AM7 -> 19 | AO7: =QUOTIENT((_xlfn.TEXTBEFORE(I7,":")*$E$2+_xlfn.TEXTAFTER(I7,":"))/$D$2,$E$2)&":"&TEXT(MOD((_xlfn.TEXTBEFORE(I7,":")*$E$2+_xlfn.TEXTAFTER(I7,":"))/$D$2,$E$2),"00") -> 4:05 | AP7: =_xlfn.TEXTBEFORE(AO7,":") -> 4 | AQ7: =_xlfn.TEXTAFTER(AO7,":") -> 05 | AR7: =AP7*60+AQ7 -> 245 | AS7: =AR8-AR7 -> 19 | AT7: =K7 -> 1:25:00 | AU7: =QUOTIENT((_xlfn.TEXTBEFORE(L7,":")*$E$2+_xlfn.TEXTAFTER(L7,":"))/$D$2,$E$2)&":"&TEXT(MOD((_xlfn.TEXTBEFORE(L7,":")*$E$2+_xlfn.TEXTAFTER(L7,":"))/$D$2,$E$2),"00") -> 4:02 | AV7: =_xlfn.TEXTBEFORE(AU7,":") -> 4 | AW7: =_xlfn.TEXTAFTER(AU7,":") -> 02 | AX7: =AV7*60+AW7 -> 242 | AY7: =AX8-AX7 -> 28 | AZ7: =N7 -> 3:00:00 | BA7: =QUOTIENT((_xlfn.TEXTBEFORE(O7,":")*$E$2+_xlfn.TEXTAFTER(O7,":"))/$D$2,$E$2)&":"&TEXT(MOD((_xlfn.TEXTBEFORE(O7,":")*$E$2+_xlfn.TEXTAFTER(O7,":"))/$D$2,$E$2),"00") -> 4:15 | BB7: =_xlfn.TEXTBEFORE(BA7,":") -> 4 | BC7: =_xlfn.TEXTAFTER(BA7,":") -> 15 | BD7: =BB7*60+BC7 -> 255 | BE7: =BD8-BD7 -> 22 | BF7: =BB7*60+BC7 -> 255 | BG7: =QUOTIENT((_xlfn.TEXTBEFORE(P7,":")*$E$2+_xlfn.TEXTAFTER(P7,":"))/$D$2,$E$2)&":"&TEXT(MOD((_xlfn.TEXTBEFORE(P7,":")*$E$2+_xlfn.TEXTAFTER(P7,":"))/$D$2,$E$2),"00") -> 4:43 | BH7: =_xlfn.TEXTBEFORE(BG7,":") -> 4 | BI7: =_xlfn.TEXTAFTER(BG7,":") -> 43 | BJ7: =BH7*60+BI7 -> 283 | BK7: =BJ8-BJ7 -> 21 | BN7: Run | BO7: Avg. | BP7: Min | BQ7: Sec | BR7: Total sec | BV7: Distance | BW7: km/h | BX7: Total
B8: 6:00 | C8: 20:15/6:30 | D8: 20:15 | E8: 6:30 | F8: 42:00/6:45 | G8: 42:00 | H8: 6:45 | I8: 7:05 | J8: 1:35:00/7:15 | K8: 1:35:00 | L8: 7:15 | M8: 3:15:00/7:25 | N8: 3:15:00 | O8: 7:25 | P8: 8:10 | Q8: =QUOTIENT((_xlfn.TEXTBEFORE(B8,":")*$E$2+_xlfn.TEXTAFTER(B8,":"))/$D$2,$E$2)&":"&TEXT(MOD((_xlfn.TEXTBEFORE(B8,":")*$E$2+_xlfn.TEXTAFTER(B8,":"))/$D$2,$E$2),"00") -> 3:44 | R8: =_xlfn.TEXTBEFORE(Q8,":") -> 3 | S8: =_xlfn.TEXTAFTER(Q8,":") -> 44 | T8: =R8*60+S8 -> 224 | U8: =T9-T8 -> 18 | V8: =D8 -> 20:15 | W8: =_xlfn.TEXTBEFORE(V8,":") -> 20 | X8: =_xlfn.TEXTAFTER(V8,":") -> 15 | Y8: =W8*60+X8 -> 1215 | Z8: =IF(AND(Y8>$BR$8,SUM($Z$5:Z7)=0),1,0) -> 0 | AA8: =Y9-Y8 -> 105 | AB8: =IF(Z9=1,$BR$8-Y8,0) -> 0 | AC8: =AB8/AA8 -> 0 | AD8: =QUOTIENT((_xlfn.TEXTBEFORE(E8,":")*$E$2+_xlfn.TEXTAFTER(E8,":"))/$D$2,$E$2)&":"&TEXT(MOD((_xlfn.TEXTBEFORE(E8,":")*$E$2+_xlfn.TEXTAFTER(E8,":"))/$D$2,$E$2),"00") -> 4:02 | AE8: =_xlfn.TEXTBEFORE(AD8,":") -> 4 | AF8: =_xlfn.TEXTAFTER(AD8,":") -> 02 | AG8: =AE8*60+AF8 -> 242 | AH8: =AG9-AG8 -> 22 | AI8: =G8 -> 42:00 | AJ8: =QUOTIENT((_xlfn.TEXTBEFORE(H8,":")*$E$2+_xlfn.TEXTAFTER(H8,":"))/$D$2,$E$2)&":"&TEXT(MOD((_xlfn.TEXTBEFORE(H8,":")*$E$2+_xlfn.TEXTAFTER(H8,":"))/$D$2,$E$2),"00") -> 4:12 | AK8: =_xlfn.TEXTBEFORE(AJ8,":") -> 4 | AL8: =_xlfn.TEXTAFTER(AJ8,":") -> 12 | AM8: =AK8*60+AL8 -> 252 | AN8: =AM9-AM8 -> 21 | AO8: =QUOTIENT((_xlfn.TEXTBEFORE(I8,":")*$E$2+_xlfn.TEXTAFTER(I8,":"))/$D$2,$E$2)&":"&TEXT(MOD((_xlfn.TEXTBEFORE(I8,":")*$E$2+_xlfn.TEXTAFTER(I8,":"))/$D$2,$E$2),"00") -> 4:24 | AP8: =_xlfn.TEXTBEFORE(AO8,":") -> 4 | AQ8: =_xlfn.TEXTAFTER(AO8,":") -> 24 | AR8: =AP8*60+AQ8 -> 264 | AS8: =AR9-AR8 -> 22 | AT8: =K8 -> 1:35:00 | AU8: =QUOTIENT((_xlfn.TEXTBEFORE(L8,":")*$E$2+_xlfn.TEXTAFTER(L8,":"))/$D$2,$E$2)&":"&TEXT(MOD((_xlfn.TEXTBEFORE(L8,":")*$E$2+_xlfn.TEXTAFTER(L8,":"))/$D$2,$E$2),"00") -> 4:30 | AV8: =_xlfn.TEXTBEFORE(AU8,":") -> 4 | AW8: =_xlfn.TEXTAFTER(AU8,":") -> 30 | AX8: =AV8*60+AW8 -> 270 | AY8: =AX9-AX8 -> 13 | AZ8: =N8 -> 3:15:00 | BA8: =QUOTIENT((_xlfn.TEXTBEFORE(O8,":")*$E$2+_xlfn.TEXTAFTER(O8,":"))/$D$2,$E$2)&":"&TEXT(MOD((_xlfn.TEXTBEFORE(O8,":")*$E$2+_xlfn.TEXTAFTER(O8,":"))/$D$2,$E$2),"00") -> 4:37 | BB8: =_xlfn.TEXTBEFORE(BA8,":") -> 4 | BC8: =_xlfn.TEXTAFTER(BA8,":") -> 37 | BD8: =BB8*60+BC8 -> 277 | BE8: =BD9-BD8 -> 21 | BF8: =BB8*60+BC8 -> 277 | BG8: =QUOTIENT((_xlfn.TEXTBEFORE(P8,":")*$E$2+_xlfn.TEXTAFTER(P8,":"))/$D$2,$E$2)&":"&TEXT(MOD((_xlfn.TEXTBEFORE(P8,":")*$E$2+_xlfn.TEXTAFTER(P8,":"))/$D$2,$E$2),"00") -> 5:04 | BH8: =_xlfn.TEXTBEFORE(BG8,":") -> 5 | BI8: =_xlfn.TEXTAFTER(BG8,":") -> 04 | BJ8: =BH8*60+BI8 -> 304 | BK8: =BJ9-BJ8 -> 22 | BM8: Input | BN8: 5k total | BO8: 23:01 | BP8: =_xlfn.TEXTBEFORE(BO8,":") -> 23 | BQ8: =_xlfn.TEXTAFTER(BO8,":") -> 01 | BR8: =BP8*60+BQ8 -> 1381
B9: 6:30 | C9: 22:00/7:05 | D9: 22:00 | E9: 7:05 | F9: 45:45/7:20 | G9: 45:45 | H9: 7:20 | I9: 7:40 | J9: 1:40:00/7:35 | K9: 1:40:00 | L9: 7:35 | M9: 3:30:00/8:00 | N9: 3:30:00 | O9: 8:00 | P9: 8:45 | Q9: =QUOTIENT((_xlfn.TEXTBEFORE(B9,":")*$E$2+_xlfn.TEXTAFTER(B9,":"))/$D$2,$E$2)&":"&TEXT(MOD((_xlfn.TEXTBEFORE(B9,":")*$E$2+_xlfn.TEXTAFTER(B9,":"))/$D$2,$E$2),"00") -> 4:02 | R9: =_xlfn.TEXTBEFORE(Q9,":") -> 4 | S9: =_xlfn.TEXTAFTER(Q9,":") -> 02 | T9: =R9*60+S9 -> 242 | U9: =T10-T9 -> 19 | V9: =D9 -> 22:00 | W9: =_xlfn.TEXTBEFORE(V9,":") -> 22 | X9: =_xlfn.TEXTAFTER(V9,":") -> 00 | Y9: =W9*60+X9 -> 1320 | Z9: =IF(AND(Y9>$BR$8,SUM($Z$5:Z8)=0),1,0) -> 0 | AA9: =Y10-Y9 -> 105 | AB9: =IF(Z10=1,$BR$8-Y9,0) -> 61 | AC9: =AB9/AA9 -> 0.58095238 | AD9: =QUOTIENT((_xlfn.TEXTBEFORE(E9,":")*$E$2+_xlfn.TEXTAFTER(E9,":"))/$D$2,$E$2)&":"&TEXT(MOD((_xlfn.TEXTBEFORE(E9,":")*$E$2+_xlfn.TEXTAFTER(E9,":"))/$D$2,$E$2),"00") -> 4:24 | AE9: =_xlfn.TEXTBEFORE(AD9,":") -> 4 | AF9: =_xlfn.TEXTAFTER(AD9,":") -> 24 | AG9: =AE9*60+AF9 -> 264 | AH9: =AG10-AG9 -> 22 | AI9: =G9 -> 45:45 | AJ9: =QUOTIENT((_xlfn.TEXTBEFORE(H9,":")*$E$2+_xlfn.TEXTAFTER(H9,":"))/$D$2,$E$2)&":"&TEXT(MOD((_xlfn.TEXTBEFORE(H9,":")*$E$2+_xlfn.TEXTAFTER(H9,":"))/$D$2,$E$2),"00") -> 4:33 | AK9: =_xlfn.TEXTBEFORE(AJ9,":") -> 4 | AL9: =_xlfn.TEXTAFTER(AJ9,":") -> 33 | AM9: =AK9*60+AL9 -> 273 | AN9: =AM10-AM9 -> 22 | AO9: =QUOTIENT((_xlfn.TEXTBEFORE(I9,":")*$E$2+_xlfn.TEXTAFTER(I9,":"))/$D$2,$E$2)&":"&TEXT(MOD((_xlfn.TEXTBEFORE(I9,":")*$E$2+_xlfn.TEXTAFTER(I9,":"))/$D$2,$E$2),"00") -> 4:46 | AP9: =_xlfn.TEXTBEFORE(AO9,":") -> 4 | AQ9: =_xlfn.TEXTAFTER(AO9,":") -> 46 | AR9: =AP9*60+AQ9 -> 286 | AS9: =AR10-AR9 -> 22 | AT9: =K9 -> 1:40:00 | AU9: =QUOTIENT((_xlfn.TEXTBEFORE(L9,":")*$E$2+_xlfn.TEXTAFTER(L9,":"))/$D$2,$E$2)&":"&TEXT(MOD((_xlfn.TEXTBEFORE(L9,":")*$E$2+_xlfn.TEXTAFTER(L9,":"))/$D$2,$E$2),"00") -> 4:43 | AV9: =_xlfn.TEXTBEFORE(AU9,":") -> 4 | AW9: =_xlfn.TEXTAFTER(AU9,":") -> 43 | AX9: =AV9*60+AW9 -> 283 | AY9: =AX10-AX9 -> 28 | AZ9: =N9 -> 3:30:00 | BA9: =QUOTIENT((_xlfn.TEXTBEFORE(O9,":")*$E$2+_xlfn.TEXTAFTER(O9,":"))/$D$2,$E$2)&":"&TEXT(MOD((_xlfn.TEXTBEFORE(O9,":")*$E$2+_xlfn.TEXTAFTER(O9,":"))/$D$2,$E$2),"00") -> 4:58 | BB9: =_xlfn.TEXTBEFORE(BA9,":") -> 4 | BC9: =_xlfn.TEXTAFTER(BA9,":") -> 58 | BD9: =BB9*60+BC9 -> 298 | BE9: =BD10-BD9 -> 22 | BF9: =BB9*60+BC9 -> 298 | BG9: =QUOTIENT((_xlfn.TEXTBEFORE(P9,":")*$E$2+_xlfn.TEXTAFTER(P9,":"))/$D$2,$E$2)&":"&TEXT(MOD((_xlfn.TEXTBEFORE(P9,":")*$E$2+_xlfn.TEXTAFTER(P9,":"))/$D$2,$E$2),"00") -> 5:26 | BH9: =_xlfn.TEXTBEFORE(BG9,":") -> 5 | BI9: =_xlfn.TEXTAFTER(BG9,":") -> 26 | BJ9: =BH9*60+BI9 -> 326 | BK9: =BJ10-BJ9 -> 22 | BM9: Output | BN9: Best | BO9: =TEXT(BP9,"00")&":"&TEXT(BQ9,"00") -> 04:13 | BP9: =QUOTIENT(BR9,$E$2) -> 4 | BQ9: =MOD(BR9,$E$2) -> 13.038095 | BR9: =BS9+BT9 -> 253.0381 | BS9: {=INDEX($T$6:$T$20,MATCH(1,$Z$6:$Z$20,0)-1)} -> 242 | BT9: =SUMPRODUCT($U$6:$U$19,$AC$6:$AC$19) -> 11.038095 | BV9: =ROUND(1/BR9*60*1000,-1) -> 240 | BW9: =3600/BR9 -> 14.227107 | BY9: Best
B10: 7:00 | C10: 23:45/7:40 | D10: 23:45 | E10: 7:40 | F10: 49:00/7:55 | G10: 49:00 | H10: 7:55 | I10: 8:15 | J10: 1:50:00/8:20 | K10: 1:50:00 | L10: 8:20 | M10: 3:45:00/8:35 | N10: 3:45:00 | O10: 8:35 | P10: 9:20 | Q10: =QUOTIENT((_xlfn.TEXTBEFORE(B10,":")*$E$2+_xlfn.TEXTAFTER(B10,":"))/$D$2,$E$2)&":"&TEXT(MOD((_xlfn.TEXTBEFORE(B10,":")*$E$2+_xlfn.TEXTAFTER(B10,":"))/$D$2,$E$2),"00") -> 4:21 | R10: =_xlfn.TEXTBEFORE(Q10,":") -> 4 | S10: =_xlfn.TEXTAFTER(Q10,":") -> 21 | T10: =R10*60+S10 -> 261 | U10: =T11-T10 -> 19 | V10: =D10 -> 23:45 | W10: =_xlfn.TEXTBEFORE(V10,":") -> 23 | X10: =_xlfn.TEXTAFTER(V10,":") -> 45 | Y10: =W10*60+X10 -> 1425 | Z10: =IF(AND(Y10>$BR$8,SUM($Z$5:Z9)=0),1,0) -> 1 | AA10: =Y11-Y10 -> 90 | AB10: =IF(Z11=1,$BR$8-Y10,0) -> 0 | AC10: =AB10/AA10 -> 0 | AD10: =QUOTIENT((_xlfn.TEXTBEFORE(E10,":")*$E$2+_xlfn.TEXTAFTER(E10,":"))/$D$2,$E$2)&":"&TEXT(MOD((_xlfn.TEXTBEFORE(E10,":")*$E$2+_xlfn.TEXTAFTER(E10,":"))/$D$2,$E$2),"00") -> 4:46 | AE10: =_xlfn.TEXTBEFORE(AD10,":") -> 4 | AF10: =_xlfn.TEXTAFTER(AD10,":") -> 46 | AG10: =AE10*60+AF10 -> 286 | AH10: =AG11-AG10 -> 15 | AI10: =G10 -> 49:00 | AJ10: =QUOTIENT((_xlfn.TEXTBEFORE(H10,":")*$E$2+_xlfn.TEXTAFTER(H10,":"))/$D$2,$E$2)&":"&TEXT(MOD((_xlfn.TEXTBEFORE(H10,":")*$E$2+_xlfn.TEXTAFTER(H10,":"))/$D$2,$E$2),"00") -> 4:55 | AK10: =_xlfn.TEXTBEFORE(AJ10,":") -> 4 | AL10: =_xlfn.TEXTAFTER(AJ10,":") -> 55 | AM10: =AK10*60+AL10 -> 295 | AN10: =AM11-AM10 -> 19 | AO10: =QUOTIENT((_xlfn.TEXTBEFORE(I10,":")*$E$2+_xlfn.TEXTAFTER(I10,":"))/$D$2,$E$2)&":"&TEXT(MOD((_xlfn.TEXTBEFORE(I10,":")*$E$2+_xlfn.TEXTAFTER(I10,":"))/$D$2,$E$2),"00") -> 5:08 | AP10: =_xlfn.TEXTBEFORE(AO10,":") -> 5 | AQ10: =_xlfn.TEXTAFTER(AO10,":") -> 08 | AR10: =AP10*60+AQ10 -> 308 | AS10: =AR11-AR10 -> 21 | AT10: =K10 -> 1:50:00 | AU10: =QUOTIENT((_xlfn.TEXTBEFORE(L10,":")*$E$2+_xlfn.TEXTAFTER(L10,":"))/$D$2,$E$2)&":"&TEXT(MOD((_xlfn.TEXTBEFORE(L10,":")*$E$2+_xlfn.TEXTAFTER(L10,":"))/$D$2,$E$2),"00") -> 5:11 | AV10: =_xlfn.TEXTBEFORE(AU10,":") -> 5 | AW10: =_xlfn.TEXTAFTER(AU10,":") -> 11 | AX10: =AV10*60+AW10 -> 311 | AY10: =AX11-AX10 -> 15 | AZ10: =N10 -> 3:45:00 | BA10: =QUOTIENT((_xlfn.TEXTBEFORE(O10,":")*$E$2+_xlfn.TEXTAFTER(O10,":"))/$D$2,$E$2)&":"&TEXT(MOD((_xlfn.TEXTBEFORE(O10,":")*$E$2+_xlfn.TEXTAFTER(O10,":"))/$D$2,$E$2),"00") -> 5:20 | BB10: =_xlfn.TEXTBEFORE(BA10,":") -> 5 | BC10: =_xlfn.TEXTAFTER(BA10,":") -> 20 | BD10: =BB10*60+BC10 -> 320 | BE10: =BD11-BD10 -> 22 | BF10: =BB10*60+BC10 -> 320 | BG10: =QUOTIENT((_xlfn.TEXTBEFORE(P10,":")*$E$2+_xlfn.TEXTAFTER(P10,":"))/$D$2,$E$2)&":"&TEXT(MOD((_xlfn.TEXTBEFORE(P10,":")*$E$2+_xlfn.TEXTAFTER(P10,":"))/$D$2,$E$2),"00") -> 5:48 | BH10: =_xlfn.TEXTBEFORE(BG10,":") -> 5 | BI10: =_xlfn.TEXTAFTER(BG10,":") -> 48 | BJ10: =BH10*60+BI10 -> 348 | BK10: =BJ11-BJ10 -> 22 | BN10: Mile | BO10: =TEXT(BP10,"00")&":"&TEXT(BQ10,"00") -> 04:25 | BP10: =QUOTIENT(BR10,$E$2) -> 4 | BQ10: =MOD(BR10,$E$2) -> 24.909524 | BR10: =AVERAGE(BR9,BR11) -> 264.90952 | BU10: 1.60934 | BV10: =ROUND(1/BR10*60*1000,-1) -> 230 | BW10: =3600/BR10 -> 13.589545 | BX10: =TIME(,,BR10*BU10) -> 0.0049305556 | BY10: Mile
B11: 7:30 | C11: 25:15/8:05 | D11: 25:15 | E11: 8:05 | F11: 52:30/8:25 | G11: 52:30 | H11: 8:25 | I11: 8:50 | J11: 1:55:00/8:45 | K11: 1:55:00 | L11: 8:45 | M11: 4:00:00/9:10 | N11: 4:00:00 | O11: 9:10 | P11: 9:55 | Q11: =QUOTIENT((_xlfn.TEXTBEFORE(B11,":")*$E$2+_xlfn.TEXTAFTER(B11,":"))/$D$2,$E$2)&":"&TEXT(MOD((_xlfn.TEXTBEFORE(B11,":")*$E$2+_xlfn.TEXTAFTER(B11,":"))/$D$2,$E$2),"00") -> 4:40 | R11: =_xlfn.TEXTBEFORE(Q11,":") -> 4 | S11: =_xlfn.TEXTAFTER(Q11,":") -> 40 | T11: =R11*60+S11 -> 280 | U11: =T12-T11 -> 18 | V11: =D11 -> 25:15 | W11: =_xlfn.TEXTBEFORE(V11,":") -> 25 | X11: =_xlfn.TEXTAFTER(V11,":") -> 15 | Y11: =W11*60+X11 -> 1515 | Z11: =IF(AND(Y11>$BR$8,SUM($Z$5:Z10)=0),1,0) -> 0 | AA11: =Y12-Y11 -> 105 | AB11: =IF(Z12=1,$BR$8-Y11,0) -> 0 | AC11: =AB11/AA11 -> 0 | AD11: =QUOTIENT((_xlfn.TEXTBEFORE(E11,":")*$E$2+_xlfn.TEXTAFTER(E11,":"))/$D$2,$E$2)&":"&TEXT(MOD((_xlfn.TEXTBEFORE(E11,":")*$E$2+_xlfn.TEXTAFTER(E11,":"))/$D$2,$E$2),"00") -> 5:01 | AE11: =_xlfn.TEXTBEFORE(AD11,":") -> 5 | AF11: =_xlfn.TEXTAFTER(AD11,":") -> 01 | AG11: =AE11*60+AF11 -> 301 | AH11: =AG12-AG11 -> 22 | AI11: =G11 -> 52:30 | AJ11: =QUOTIENT((_xlfn.TEXTBEFORE(H11,":")*$E$2+_xlfn.TEXTAFTER(H11,":"))/$D$2,$E$2)&":"&TEXT(MOD((_xlfn.TEXTBEFORE(H11,":")*$E$2+_xlfn.TEXTAFTER(H11,":"))/$D$2,$E$2),"00") -> 5:14 | AK11: =_xlfn.TEXTBEFORE(AJ11,":") -> 5 | AL11: =_xlfn.TEXTAFTER(AJ11,":") -> 14 | AM11: =AK11*60+AL11 -> 314 | AN11: =AM12-AM11 -> 22 | AO11: =QUOTIENT((_xlfn.TEXTBEFORE(I11,":")*$E$2+_xlfn.TEXTAFTER(I11,":"))/$D$2,$E$2)&":"&TEXT(MOD((_xlfn.TEXTBEFORE(I11,":")*$E$2+_xlfn.TEXTAFTER(I11,":"))/$D$2,$E$2),"00") -> 5:29 | AP11: =_xlfn.TEXTBEFORE(AO11,":") -> 5 | AQ11: =_xlfn.TEXTAFTER(AO11,":") -> 29 | AR11: =AP11*60+AQ11 -> 329 | AS11: =AR12-AR11 -> 22 | AT11: =K11 -> 1:55:00 | AU11: =QUOTIENT((_xlfn.TEXTBEFORE(L11,":")*$E$2+_xlfn.TEXTAFTER(L11,":"))/$D$2,$E$2)&":"&TEXT(MOD((_xlfn.TEXTBEFORE(L11,":")*$E$2+_xlfn.TEXTAFTER(L11,":"))/$D$2,$E$2),"00") -> 5:26 | AV11: =_xlfn.TEXTBEFORE(AU11,":") -> 5 | AW11: =_xlfn.TEXTAFTER(AU11,":") -> 26 | AX11: =AV11*60+AW11 -> 326 | AY11: =AX12-AX11 -> 28 | AZ11: =N11 -> 4:00:00 | BA11: =QUOTIENT((_xlfn.TEXTBEFORE(O11,":")*$E$2+_xlfn.TEXTAFTER(O11,":"))/$D$2,$E$2)&":"&TEXT(MOD((_xlfn.TEXTBEFORE(O11,":")*$E$2+_xlfn.TEXTAFTER(O11,":"))/$D$2,$E$2),"00") -> 5:42 | BB11: =_xlfn.TEXTBEFORE(BA11,":") -> 5 | BC11: =_xlfn.TEXTAFTER(BA11,":") -> 42 | BD11: =BB11*60+BC11 -> 342 | BE11: =BD12-BD11 -> 22 | BF11: =BB11*60+BC11 -> 342 | BG11: =QUOTIENT((_xlfn.TEXTBEFORE(P11,":")*$E$2+_xlfn.TEXTAFTER(P11,":"))/$D$2,$E$2)&":"&TEXT(MOD((_xlfn.TEXTBEFORE(P11,":")*$E$2+_xlfn.TEXTAFTER(P11,":"))/$D$2,$E$2),"00") -> 6:10 | BH11: =_xlfn.TEXTBEFORE(BG11,":") -> 6 | BI11: =_xlfn.TEXTAFTER(BG11,":") -> 10 | BJ11: =BH11*60+BI11 -> 370 | BK11: =BJ12-BJ11 -> 21 | BN11: 5k avg. | BO11: =TEXT(BP11,"00")&":"&TEXT(BQ11,"00") -> 04:37 | BP11: =QUOTIENT(BR11,$E$2) -> 4 | BQ11: =MOD(BR11,$E$2) -> 36.780952 | BR11: =BS11+BT11 -> 276.78095 | BS11: {=INDEX($AG$6:$AG$20,MATCH(1,$Z$6:$Z$20,0)-1)} -> 264 | BT11: =SUMPRODUCT($AH$6:$AH$19,$AC$6:$AC$19) -> 12.780952 | BU11: 5 | BV11: =ROUND(1/BR11*60*1000,-1) -> 220 | BW11: =3600/BR11 -> 13.006675 | BX11: =TIME(,,BR11*BU11) -> 0.016006944 | BY11: 5k
B12: 8:00 | C12: 27:00/8:40 | D12: 27:00 | E12: 8:40 | F12: 55:50/9:00 | G12: 55:50 | H12: 9:00 | I12: 9:25 | J12: 2:05:00/9:30 | K12: 2:05:00 | L12: 9:30 | M12: 4:15:00/9:45 | N12: 4:15:00 | O12: 9:45 | P12: 10:30 | Q12: =QUOTIENT((_xlfn.TEXTBEFORE(B12,":")*$E$2+_xlfn.TEXTAFTER(B12,":"))/$D$2,$E$2)&":"&TEXT(MOD((_xlfn.TEXTBEFORE(B12,":")*$E$2+_xlfn.TEXTAFTER(B12,":"))/$D$2,$E$2),"00") -> 4:58 | R12: =_xlfn.TEXTBEFORE(Q12,":") -> 4 | S12: =_xlfn.TEXTAFTER(Q12,":") -> 58 | T12: =R12*60+S12 -> 298 | U12: =T13-T12 -> 19 | V12: =D12 -> 27:00 | W12: =_xlfn.TEXTBEFORE(V12,":") -> 27 | X12: =_xlfn.TEXTAFTER(V12,":") -> 00 | Y12: =W12*60+X12 -> 1620 | Z12: =IF(AND(Y12>$BR$8,SUM($Z$5:Z11)=0),1,0) -> 0 | AA12: =Y13-Y12 -> 90 | AB12: =IF(Z13=1,$BR$8-Y12,0) -> 0 | AC12: =AB12/AA12 -> 0 | AD12: =QUOTIENT((_xlfn.TEXTBEFORE(E12,":")*$E$2+_xlfn.TEXTAFTER(E12,":"))/$D$2,$E$2)&":"&TEXT(MOD((_xlfn.TEXTBEFORE(E12,":")*$E$2+_xlfn.TEXTAFTER(E12,":"))/$D$2,$E$2),"00") -> 5:23 | AE12: =_xlfn.TEXTBEFORE(AD12,":") -> 5 | AF12: =_xlfn.TEXTAFTER(AD12,":") -> 23 | AG12: =AE12*60+AF12 -> 323 | AH12: =AG13-AG12 -> 19 | AI12: =G12 -> 55:50 | AJ12: =QUOTIENT((_xlfn.TEXTBEFORE(H12,":")*$E$2+_xlfn.TEXTAFTER(H12,":"))/$D$2,$E$2)&":"&TEXT(MOD((_xlfn.TEXTBEFORE(H12,":")*$E$2+_xlfn.TEXTAFTER(H12,":"))/$D$2,$E$2),"00") -> 5:36 | AK12: =_xlfn.TEXTBEFORE(AJ12,":") -> 5 | AL12: =_xlfn.TEXTAFTER(AJ12,":") -> 36 | AM12: =AK12*60+AL12 -> 336 | AN12: =AM13-AM12 -> 18 | AO12: =QUOTIENT((_xlfn.TEXTBEFORE(I12,":")*$E$2+_xlfn.TEXTAFTER(I12,":"))/$D$2,$E$2)&":"&TEXT(MOD((_xlfn.TEXTBEFORE(I12,":")*$E$2+_xlfn.TEXTAFTER(I12,":"))/$D$2,$E$2),"00") -> 5:51 | AP12: =_xlfn.TEXTBEFORE(AO12,":") -> 5 | AQ12: =_xlfn.TEXTAFTER(AO12,":") -> 51 | AR12: =AP12*60+AQ12 -> 351 | AS12: =AR13-AR12 -> 19 | AT12: =K12 -> 2:05:00 | AU12: =QUOTIENT((_xlfn.TEXTBEFORE(L12,":")*$E$2+_xlfn.TEXTAFTER(L12,":"))/$D$2,$E$2)&":"&TEXT(MOD((_xlfn.TEXTBEFORE(L12,":")*$E$2+_xlfn.TEXTAFTER(L12,":"))/$D$2,$E$2),"00") -> 5:54 | AV12: =_xlfn.TEXTBEFORE(AU12,":") -> 5 | AW12: =_xlfn.TEXTAFTER(AU12,":") -> 54 | AX12: =AV12*60+AW12 -> 354 | AY12: =AX13-AX12 -> 16 | AZ12: =N12 -> 4:15:00 | BA12: =QUOTIENT((_xlfn.TEXTBEFORE(O12,":")*$E$2+_xlfn.TEXTAFTER(O12,":"))/$D$2,$E$2)&":"&TEXT(MOD((_xlfn.TEXTBEFORE(O12,":")*$E$2+_xlfn.TEXTAFTER(O12,":"))/$D$2,$E$2),"00") -> 6:04 | BB12: =_xlfn.TEXTBEFORE(BA12,":") -> 6 | BC12: =_xlfn.TEXTAFTER(BA12,":") -> 04 | BD12: =BB12*60+BC12 -> 364 | BE12: =BD13-BD12 -> 18 | BF12: =BB12*60+BC12 -> 364 | BG12: =QUOTIENT((_xlfn.TEXTBEFORE(P12,":")*$E$2+_xlfn.TEXTAFTER(P12,":"))/$D$2,$E$2)&":"&TEXT(MOD((_xlfn.TEXTBEFORE(P12,":")*$E$2+_xlfn.TEXTAFTER(P12,":"))/$D$2,$E$2),"00") -> 6:31 | BH12: =_xlfn.TEXTBEFORE(BG12,":") -> 6 | BI12: =_xlfn.TEXTAFTER(BG12,":") -> 31 | BJ12: =BH12*60+BI12 -> 391 | BK12: =BJ13-BJ12 -> 19 | BN12: 10k avg. | BO12: =TEXT(BP12,"00")&":"&TEXT(BQ12,"00") -> 04:46 | BP12: =QUOTIENT(BR12,$E$2) -> 4 | BQ12: =MOD(BR12,$E$2) -> 45.780952 | BR12: =BS12+BT12 -> 285.78095 | BS12: {=INDEX($AM$6:$AM$20,MATCH(1,$Z$6:$Z$20,0)-1)} -> 273 | BT12: =SUMPRODUCT($AN$6:$AN$19,$AC$6:$AC$19) -> 12.780952 | BU12: 10 | BV12: =ROUND(1/BR12*60*1000,-1) -> 210 | BW12: =3600/BR12 -> 12.597061 | BX12: =TIME(,,BR12*BU12) -> 0.03306713 | BY12: 10k
B13: 8:30 | C13: 28:30/9:10 | D13: 28:30 | E13: 9:10 | F13: 59:00/9:30 | G13: 59:00 | H13: 9:30 | I13: 9:55 | J13: 2:10:00/9:55 | K13: 2:10:00 | L13: 9:55 | M13: 4:30:00/10:15 | N13: 4:30:00 | O13: 10:15 | P13: 11:00 | Q13: =QUOTIENT((_xlfn.TEXTBEFORE(B13,":")*$E$2+_xlfn.TEXTAFTER(B13,":"))/$D$2,$E$2)&":"&TEXT(MOD((_xlfn.TEXTBEFORE(B13,":")*$E$2+_xlfn.TEXTAFTER(B13,":"))/$D$2,$E$2),"00") -> 5:17 | R13: =_xlfn.TEXTBEFORE(Q13,":") -> 5 | S13: =_xlfn.TEXTAFTER(Q13,":") -> 17 | T13: =R13*60+S13 -> 317 | U13: =T14-T13 -> 19 | V13: =D13 -> 28:30 | W13: =_xlfn.TEXTBEFORE(V13,":") -> 28 | X13: =_xlfn.TEXTAFTER(V13,":") -> 30 | Y13: =W13*60+X13 -> 1710 | Z13: =IF(AND(Y13>$BR$8,SUM($Z$5:Z12)=0),1,0) -> 0 | AA13: =Y14-Y13 -> 90 | AB13: =IF(Z14=1,$BR$8-Y13,0) -> 0 | AC13: =AB13/AA13 -> 0 | AD13: =QUOTIENT((_xlfn.TEXTBEFORE(E13,":")*$E$2+_xlfn.TEXTAFTER(E13,":"))/$D$2,$E$2)&":"&TEXT(MOD((_xlfn.TEXTBEFORE(E13,":")*$E$2+_xlfn.TEXTAFTER(E13,":"))/$D$2,$E$2),"00") -> 5:42 | AE13: =_xlfn.TEXTBEFORE(AD13,":") -> 5 | AF13: =_xlfn.TEXTAFTER(AD13,":") -> 42 | AG13: =AE13*60+AF13 -> 342 | AH13: =AG14-AG13 -> 18 | AI13: =G13 -> 59:00 | AJ13: =QUOTIENT((_xlfn.TEXTBEFORE(H13,":")*$E$2+_xlfn.TEXTAFTER(H13,":"))/$D$2,$E$2)&":"&TEXT(MOD((_xlfn.TEXTBEFORE(H13,":")*$E$2+_xlfn.TEXTAFTER(H13,":"))/$D$2,$E$2),"00") -> 5:54 | AK13: =_xlfn.TEXTBEFORE(AJ13,":") -> 5 | AL13: =_xlfn.TEXTAFTER(AJ13,":") -> 54 | AM13: =AK13*60+AL13 -> 354 | AN13: =AM14-AM13 -> 19 | AO13: =QUOTIENT((_xlfn.TEXTBEFORE(I13,":")*$E$2+_xlfn.TEXTAFTER(I13,":"))/$D$2,$E$2)&":"&TEXT(MOD((_xlfn.TEXTBEFORE(I13,":")*$E$2+_xlfn.TEXTAFTER(I13,":"))/$D$2,$E$2),"00") -> 6:10 | AP13: =_xlfn.TEXTBEFORE(AO13,":") -> 6 | AQ13: =_xlfn.TEXTAFTER(AO13,":") -> 10 | AR13: =AP13*60+AQ13 -> 370 | AS13: =AR14-AR13 -> 21 | AT13: =K13 -> 2:10:00 | AU13: =QUOTIENT((_xlfn.TEXTBEFORE(L13,":")*$E$2+_xlfn.TEXTAFTER(L13,":"))/$D$2,$E$2)&":"&TEXT(MOD((_xlfn.TEXTBEFORE(L13,":")*$E$2+_xlfn.TEXTAFTER(L13,":"))/$D$2,$E$2),"00") -> 6:10 | AV13: =_xlfn.TEXTBEFORE(AU13,":") -> 6 | AW13: =_xlfn.TEXTAFTER(AU13,":") -> 10 | AX13: =AV13*60+AW13 -> 370 | AY13: =AX14-AX13 -> 28 | AZ13: =N13 -> 4:30:00 | BA13: =QUOTIENT((_xlfn.TEXTBEFORE(O13,":")*$E$2+_xlfn.TEXTAFTER(O13,":"))/$D$2,$E$2)&":"&TEXT(MOD((_xlfn.TEXTBEFORE(O13,":")*$E$2+_xlfn.TEXTAFTER(O13,":"))/$D$2,$E$2),"00") -> 6:22 | BB13: =_xlfn.TEXTBEFORE(BA13,":") -> 6 | BC13: =_xlfn.TEXTAFTER(BA13,":") -> 22 | BD13: =BB13*60+BC13 -> 382 | BE13: =BD14-BD13 -> 22 | BF13: =BB13*60+BC13 -> 382 | BG13: =QUOTIENT((_xlfn.TEXTBEFORE(P13,":")*$E$2+_xlfn.TEXTAFTER(P13,":"))/$D$2,$E$2)&":"&TEXT(MOD((_xlfn.TEXTBEFORE(P13,":")*$E$2+_xlfn.TEXTAFTER(P13,":"))/$D$2,$E$2),"00") -> 6:50 | BH13: =_xlfn.TEXTBEFORE(BG13,":") -> 6 | BI13: =_xlfn.TEXTAFTER(BG13,":") -> 50 | BJ13: =BH13*60+BI13 -> 410 | BK13: =BJ14-BJ13 -> 22 | BN13: Tempo | BO13: =TEXT(BP13,"00")&":"&TEXT(BQ13,"00") -> 04:59 | BP13: =QUOTIENT(BR13,$E$2) -> 4 | BQ13: =MOD(BR13,$E$2) -> 58.780952 | BR13: =BS13+BT13 -> 298.78095 | BS13: {=INDEX($AR$6:$AR$20,MATCH(1,$Z$6:$Z$20,0)-1)} -> 286 | BT13: =SUMPRODUCT($AS$6:$AS$19,$AC$6:$AC$19) -> 12.780952 | BV13: =ROUND(1/BR13*60*1000,-1) -> 200 | BW13: =3600/BR13 -> 12.048961 | BY13: Tempo
B14: 9:00 | C14: 30:00/9:40 | D14: 30:00 | E14: 9:40 | F14: 62:30/10:00 | G14: 62:30 | H14: 10:00 | I14: 10:30 | J14: 2:20:00/10:40 | K14: 2:20:00 | L14: 10:40 | M14: 4:45:00/10:50 | N14: 4:45:00 | O14: 10:50 | P14: 11:35 | Q14: =QUOTIENT((_xlfn.TEXTBEFORE(B14,":")*$E$2+_xlfn.TEXTAFTER(B14,":"))/$D$2,$E$2)&":"&TEXT(MOD((_xlfn.TEXTBEFORE(B14,":")*$E$2+_xlfn.TEXTAFTER(B14,":"))/$D$2,$E$2),"00") -> 5:36 | R14: =_xlfn.TEXTBEFORE(Q14,":") -> 5 | S14: =_xlfn.TEXTAFTER(Q14,":") -> 36 | T14: =R14*60+S14 -> 336 | U14: =T15-T14 -> 18 | V14: =D14 -> 30:00 | W14: =_xlfn.TEXTBEFORE(V14,":") -> 30 | X14: =_xlfn.TEXTAFTER(V14,":") -> 00 | Y14: =W14*60+X14 -> 1800 | Z14: =IF(AND(Y14>$BR$8,SUM($Z$5:Z13)=0),1,0) -> 0 | AA14: =Y15-Y14 -> 105 | AB14: =IF(Z15=1,$BR$8-Y14,0) -> 0 | AC14: =AB14/AA14 -> 0 | AD14: =QUOTIENT((_xlfn.TEXTBEFORE(E14,":")*$E$2+_xlfn.TEXTAFTER(E14,":"))/$D$2,$E$2)&":"&TEXT(MOD((_xlfn.TEXTBEFORE(E14,":")*$E$2+_xlfn.TEXTAFTER(E14,":"))/$D$2,$E$2),"00") -> 6:00 | AE14: =_xlfn.TEXTBEFORE(AD14,":") -> 6 | AF14: =_xlfn.TEXTAFTER(AD14,":") -> 00 | AG14: =AE14*60+AF14 -> 360 | AH14: =AG15-AG14 -> 22 | AI14: =G14 -> 62:30 | AJ14: =QUOTIENT((_xlfn.TEXTBEFORE(H14,":")*$E$2+_xlfn.TEXTAFTER(H14,":"))/$D$2,$E$2)&":"&TEXT(MOD((_xlfn.TEXTBEFORE(H14,":")*$E$2+_xlfn.TEXTAFTER(H14,":"))/$D$2,$E$2),"00") -> 6:13 | AK14: =_xlfn.TEXTBEFORE(AJ14,":") -> 6 | AL14: =_xlfn.TEXTAFTER(AJ14,":") -> 13 | AM14: =AK14*60+AL14 -> 373 | AN14: =AM15-AM14 -> 22 | AO14: =QUOTIENT((_xlfn.TEXTBEFORE(I14,":")*$E$2+_xlfn.TEXTAFTER(I14,":"))/$D$2,$E$2)&":"&TEXT(MOD((_xlfn.TEXTBEFORE(I14,":")*$E$2+_xlfn.TEXTAFTER(I14,":"))/$D$2,$E$2),"00") -> 6:31 | AP14: =_xlfn.TEXTBEFORE(AO14,":") -> 6 | AQ14: =_xlfn.TEXTAFTER(AO14,":") -> 31 | AR14: =AP14*60+AQ14 -> 391 | AS14: =AR15-AR14 -> 19 | AT14: =K14 -> 2:20:00 | AU14: =QUOTIENT((_xlfn.TEXTBEFORE(L14,":")*$E$2+_xlfn.TEXTAFTER(L14,":"))/$D$2,$E$2)&":"&TEXT(MOD((_xlfn.TEXTBEFORE(L14,":")*$E$2+_xlfn.TEXTAFTER(L14,":"))/$D$2,$E$2),"00") -> 6:38 | AV14: =_xlfn.TEXTBEFORE(AU14,":") -> 6 | AW14: =_xlfn.TEXTAFTER(AU14,":") -> 38 | AX14: =AV14*60+AW14 -> 398 | AY14: =AX15-AX14 -> 15 | AZ14: =N14 -> 4:45:00 | BA14: =QUOTIENT((_xlfn.TEXTBEFORE(O14,":")*$E$2+_xlfn.TEXTAFTER(O14,":"))/$D$2,$E$2)&":"&TEXT(MOD((_xlfn.TEXTBEFORE(O14,":")*$E$2+_xlfn.TEXTAFTER(O14,":"))/$D$2,$E$2),"00") -> 6:44 | BB14: =_xlfn.TEXTBEFORE(BA14,":") -> 6 | BC14: =_xlfn.TEXTAFTER(BA14,":") -> 44 | BD14: =BB14*60+BC14 -> 404 | BE14: =BD15-BD14 -> 22 | BF14: =BB14*60+BC14 -> 404 | BG14: =QUOTIENT((_xlfn.TEXTBEFORE(P14,":")*$E$2+_xlfn.TEXTAFTER(P14,":"))/$D$2,$E$2)&":"&TEXT(MOD((_xlfn.TEXTBEFORE(P14,":")*$E$2+_xlfn.TEXTAFTER(P14,":"))/$D$2,$E$2),"00") -> 7:12 | BH14: =_xlfn.TEXTBEFORE(BG14,":") -> 7 | BI14: =_xlfn.TEXTAFTER(BG14,":") -> 12 | BJ14: =BH14*60+BI14 -> 432 | BK14: =BJ15-BJ14 -> 22 | BN14: Half avg. | BO14: =TEXT(BP14,"00")&":"&TEXT(BQ14,"00") -> 04:59 | BP14: =QUOTIENT(BR14,$E$2) -> 4 | BQ14: =MOD(BR14,$E$2) -> 59.266667 | BR14: =BS14+BT14 -> 299.26667 | BS14: {=INDEX($AX$6:$AX$20,MATCH(1,$Z$6:$Z$20,0)-1)} -> 283 | BT14: =SUMPRODUCT($AY$6:$AY$19,$AC$6:$AC$19) -> 16.266667 | BU14: 21.1 | BV14: =ROUND(1/BR14*60*1000,-1) -> 200 | BW14: =3600/BR14 -> 12.029405 | BX14: =TIME(,,BR14*BU14) -> 0.073078704 | BY14: Half
B15: 9:30 | C15: 31:45/10:15 | D15: 31:45 | E15: 10:15 | F15: 66:00/10:35 | G15: 66:00 | H15: 10:35 | I15: 11:00 | J15: 2:25:00/11:05 | K15: 2:25:00 | L15: 11:05 | M15: 5:00:00/11:25 | N15: 5:00:00 | O15: 11:25 | P15: 12:10 | Q15: =QUOTIENT((_xlfn.TEXTBEFORE(B15,":")*$E$2+_xlfn.TEXTAFTER(B15,":"))/$D$2,$E$2)&":"&TEXT(MOD((_xlfn.TEXTBEFORE(B15,":")*$E$2+_xlfn.TEXTAFTER(B15,":"))/$D$2,$E$2),"00") -> 5:54 | R15: =_xlfn.TEXTBEFORE(Q15,":") -> 5 | S15: =_xlfn.TEXTAFTER(Q15,":") -> 54 | T15: =R15*60+S15 -> 354 | U15: =T16-T15 -> 19 | V15: =D15 -> 31:45 | W15: =_xlfn.TEXTBEFORE(V15,":") -> 31 | X15: =_xlfn.TEXTAFTER(V15,":") -> 45 | Y15: =W15*60+X15 -> 1905 | Z15: =IF(AND(Y15>$BR$8,SUM($Z$5:Z14)=0),1,0) -> 0 | AA15: =Y16-Y15 -> 75 | AB15: =IF(Z16=1,$BR$8-Y15,0) -> 0 | AC15: =AB15/AA15 -> 0 | AD15: =QUOTIENT((_xlfn.TEXTBEFORE(E15,":")*$E$2+_xlfn.TEXTAFTER(E15,":"))/$D$2,$E$2)&":"&TEXT(MOD((_xlfn.TEXTBEFORE(E15,":")*$E$2+_xlfn.TEXTAFTER(E15,":"))/$D$2,$E$2),"00") -> 6:22 | AE15: =_xlfn.TEXTBEFORE(AD15,":") -> 6 | AF15: =_xlfn.TEXTAFTER(AD15,":") -> 22 | AG15: =AE15*60+AF15 -> 382 | AH15: =AG16-AG15 -> 16 | AI15: =G15 -> 66:00 | AJ15: =QUOTIENT((_xlfn.TEXTBEFORE(H15,":")*$E$2+_xlfn.TEXTAFTER(H15,":"))/$D$2,$E$2)&":"&TEXT(MOD((_xlfn.TEXTBEFORE(H15,":")*$E$2+_xlfn.TEXTAFTER(H15,":"))/$D$2,$E$2),"00") -> 6:35 | AK15: =_xlfn.TEXTBEFORE(AJ15,":") -> 6 | AL15: =_xlfn.TEXTAFTER(AJ15,":") -> 35 | AM15: =AK15*60+AL15 -> 395 | AN15: =AM16-AM15 -> 18 | AO15: =QUOTIENT((_xlfn.TEXTBEFORE(I15,":")*$E$2+_xlfn.TEXTAFTER(I15,":"))/$D$2,$E$2)&":"&TEXT(MOD((_xlfn.TEXTBEFORE(I15,":")*$E$2+_xlfn.TEXTAFTER(I15,":"))/$D$2,$E$2),"00") -> 6:50 | AP15: =_xlfn.TEXTBEFORE(AO15,":") -> 6 | AQ15: =_xlfn.TEXTAFTER(AO15,":") -> 50 | AR15: =AP15*60+AQ15 -> 410 | AS15: =AR16-AR15 -> 22 | AT15: =K15 -> 2:25:00 | AU15: =QUOTIENT((_xlfn.TEXTBEFORE(L15,":")*$E$2+_xlfn.TEXTAFTER(L15,":"))/$D$2,$E$2)&":"&TEXT(MOD((_xlfn.TEXTBEFORE(L15,":")*$E$2+_xlfn.TEXTAFTER(L15,":"))/$D$2,$E$2),"00") -> 6:53 | AV15: =_xlfn.TEXTBEFORE(AU15,":") -> 6 | AW15: =_xlfn.TEXTAFTER(AU15,":") -> 53 | AX15: =AV15*60+AW15 -> 413 | AY15: =AX16-AX15 -> 25 | AZ15: =N15 -> 5:00:00 | BA15: =QUOTIENT((_xlfn.TEXTBEFORE(O15,":")*$E$2+_xlfn.TEXTAFTER(O15,":"))/$D$2,$E$2)&":"&TEXT(MOD((_xlfn.TEXTBEFORE(O15,":")*$E$2+_xlfn.TEXTAFTER(O15,":"))/$D$2,$E$2),"00") -> 7:06 | BB15: =_xlfn.TEXTBEFORE(BA15,":") -> 7 | BC15: =_xlfn.TEXTAFTER(BA15,":") -> 06 | BD15: =BB15*60+BC15 -> 426 | BE15: =BD16-BD15 -> 21 | BF15: =BB15*60+BC15 -> 426 | BG15: =QUOTIENT((_xlfn.TEXTBEFORE(P15,":")*$E$2+_xlfn.TEXTAFTER(P15,":"))/$D$2,$E$2)&":"&TEXT(MOD((_xlfn.TEXTBEFORE(P15,":")*$E$2+_xlfn.TEXTAFTER(P15,":"))/$D$2,$E$2),"00") -> 7:34 | BH15: =_xlfn.TEXTBEFORE(BG15,":") -> 7 | BI15: =_xlfn.TEXTAFTER(BG15,":") -> 34 | BJ15: =BH15*60+BI15 -> 454 | BK15: =BJ16-BJ15 -> 21 | BN15: Full avg. | BO15: =TEXT(BP15,"00")&":"&TEXT(BQ15,"00") -> 05:11 | BP15: =QUOTIENT(BR15,$E$2) -> 5 | BQ15: =MOD(BR15,$E$2) -> 10.780952 | BR15: =BS15+BT15 -> 310.78095 | BS15: {=INDEX($BD$6:$BD$20,MATCH(1,$Z$6:$Z$20,0)-1)} -> 298 | BT15: =SUMPRODUCT($BE$6:$BE$19,$AC$6:$AC$19) -> 12.780952 | BU15: 42.195 | BV15: =ROUND(1/BR15*60*1000,-1) -> 190 | BW15: =3600/BR15 -> 11.583722 | BX15: =TIME(,,BR15*BU15) -> 0.15177083 | BY15: Full
B16: 10:00 | C16: 33:00/10:40 | D16: 33:00 | E16: 10:40 | F16: 69:00/11:05 | G16: 69:00 | H16: 11:05 | I16: 11:35 | J16: 2:35:00/11:45 | K16: 2:35:00 | L16: 11:45 | M16: 5:15:00/12:00 | N16: 5:15:00 | O16: 12:00 | P16: 12:45 | Q16: =QUOTIENT((_xlfn.TEXTBEFORE(B16,":")*$E$2+_xlfn.TEXTAFTER(B16,":"))/$D$2,$E$2)&":"&TEXT(MOD((_xlfn.TEXTBEFORE(B16,":")*$E$2+_xlfn.TEXTAFTER(B16,":"))/$D$2,$E$2),"00") -> 6:13 | R16: =_xlfn.TEXTBEFORE(Q16,":") -> 6 | S16: =_xlfn.TEXTAFTER(Q16,":") -> 13 | T16: =R16*60+S16 -> 373 | U16: =T17-T16 -> 18 | V16: =D16 -> 33:00 | W16: =_xlfn.TEXTBEFORE(V16,":") -> 33 | X16: =_xlfn.TEXTAFTER(V16,":") -> 00 | Y16: =W16*60+X16 -> 1980 | Z16: =IF(AND(Y16>$BR$8,SUM($Z$5:Z15)=0),1,0) -> 0 | AA16: =Y17-Y16 -> 120 | AB16: =IF(Z17=1,$BR$8-Y16,0) -> 0 | AC16: =AB16/AA16 -> 0 | AD16: =QUOTIENT((_xlfn.TEXTBEFORE(E16,":")*$E$2+_xlfn.TEXTAFTER(E16,":"))/$D$2,$E$2)&":"&TEXT(MOD((_xlfn.TEXTBEFORE(E16,":")*$E$2+_xlfn.TEXTAFTER(E16,":"))/$D$2,$E$2),"00") -> 6:38 | AE16: =_xlfn.TEXTBEFORE(AD16,":") -> 6 | AF16: =_xlfn.TEXTAFTER(AD16,":") -> 38 | AG16: =AE16*60+AF16 -> 398 | AH16: =AG17-AG16 -> 21 | AI16: =G16 -> 69:00 | AJ16: =QUOTIENT((_xlfn.TEXTBEFORE(H16,":")*$E$2+_xlfn.TEXTAFTER(H16,":"))/$D$2,$E$2)&":"&TEXT(MOD((_xlfn.TEXTBEFORE(H16,":")*$E$2+_xlfn.TEXTAFTER(H16,":"))/$D$2,$E$2),"00") -> 6:53 | AK16: =_xlfn.TEXTBEFORE(AJ16,":") -> 6 | AL16: =_xlfn.TEXTAFTER(AJ16,":") -> 53 | AM16: =AK16*60+AL16 -> 413 | AN16: =AM17-AM16 -> 19 | AO16: =QUOTIENT((_xlfn.TEXTBEFORE(I16,":")*$E$2+_xlfn.TEXTAFTER(I16,":"))/$D$2,$E$2)&":"&TEXT(MOD((_xlfn.TEXTBEFORE(I16,":")*$E$2+_xlfn.TEXTAFTER(I16,":"))/$D$2,$E$2),"00") -> 7:12 | AP16: =_xlfn.TEXTBEFORE(AO16,":") -> 7 | AQ16: =_xlfn.TEXTAFTER(AO16,":") -> 12 | AR16: =AP16*60+AQ16 -> 432 | AS16: =AR17-AR16 -> 15 | AT16: =K16 -> 2:35:00 | AU16: =QUOTIENT((_xlfn.TEXTBEFORE(L16,":")*$E$2+_xlfn.TEXTAFTER(L16,":"))/$D$2,$E$2)&":"&TEXT(MOD((_xlfn.TEXTBEFORE(L16,":")*$E$2+_xlfn.TEXTAFTER(L16,":"))/$D$2,$E$2),"00") -> 7:18 | AV16: =_xlfn.TEXTBEFORE(AU16,":") -> 7 | AW16: =_xlfn.TEXTAFTER(AU16,":") -> 18 | AX16: =AV16*60+AW16 -> 438 | AY16: =AX17-AX16 -> 16 | AZ16: =N16 -> 5:15:00 | BA16: =QUOTIENT((_xlfn.TEXTBEFORE(O16,":")*$E$2+_xlfn.TEXTAFTER(O16,":"))/$D$2,$E$2)&":"&TEXT(MOD((_xlfn.TEXTBEFORE(O16,":")*$E$2+_xlfn.TEXTAFTER(O16,":"))/$D$2,$E$2),"00") -> 7:27 | BB16: =_xlfn.TEXTBEFORE(BA16,":") -> 7 | BC16: =_xlfn.TEXTAFTER(BA16,":") -> 27 | BD16: =BB16*60+BC16 -> 447 | BE16: =BD17-BD16 -> 22 | BF16: =BB16*60+BC16 -> 447 | BG16: =QUOTIENT((_xlfn.TEXTBEFORE(P16,":")*$E$2+_xlfn.TEXTAFTER(P16,":"))/$D$2,$E$2)&":"&TEXT(MOD((_xlfn.TEXTBEFORE(P16,":")*$E$2+_xlfn.TEXTAFTER(P16,":"))/$D$2,$E$2),"00") -> 7:55 | BH16: =_xlfn.TEXTBEFORE(BG16,":") -> 7 | BI16: =_xlfn.TEXTAFTER(BG16,":") -> 55 | BJ16: =BH16*60+BI16 -> 475 | BK16: =BJ17-BJ16 -> 22 | BN16: Recovery | BO16: =TEXT(BP16,"00")&":"&TEXT(BQ16,"00") -> 05:39 | BP16: =QUOTIENT(BR16,$E$2) -> 5 | BQ16: =MOD(BR16,$E$2) -> 38.780952 | BR16: =BS16+BT16 -> 338.78095 | BS16: {=INDEX($BJ$6:$BJ$20,MATCH(1,$Z$6:$Z$20,0)-1)} -> 326 | BT16: =SUMPRODUCT($BK$6:$BK$19,$AC$6:$AC$19) -> 12.780952 | BV16: =ROUND(1/BR16*60*1000,-1) -> 180 | BW16: =3600/BR16 -> 10.626335 | BY16: Recovery
B17: 10:30 | C17: 35:00/11:15 | D17: 35:00 | E17: 11:15 | F17: 72:00/11:35 | G17: 72:00 | H17: 11:35 | I17: 12:00 | J17: 2:40:00/12:10 | K17: 2:40:00 | L17: 12:10 | M17: 5:30:00/12:35 | N17: 5:30:00 | O17: 12:35 | P17: 13:20 | Q17: =QUOTIENT((_xlfn.TEXTBEFORE(B17,":")*$E$2+_xlfn.TEXTAFTER(B17,":"))/$D$2,$E$2)&":"&TEXT(MOD((_xlfn.TEXTBEFORE(B17,":")*$E$2+_xlfn.TEXTAFTER(B17,":"))/$D$2,$E$2),"00") -> 6:31 | R17: =_xlfn.TEXTBEFORE(Q17,":") -> 6 | S17: =_xlfn.TEXTAFTER(Q17,":") -> 31 | T17: =R17*60+S17 -> 391 | U17: =T18-T17 -> 19 | V17: =D17 -> 35:00 | W17: =_xlfn.TEXTBEFORE(V17,":") -> 35 | X17: =_xlfn.TEXTAFTER(V17,":") -> 00 | Y17: =W17*60+X17 -> 2100 | Z17: =IF(AND(Y17>$BR$8,SUM($Z$5:Z16)=0),1,0) -> 0 | AA17: =Y18-Y17 -> 75 | AB17: =IF(Z18=1,$BR$8-Y17,0) -> 0 | AC17: =AB17/AA17 -> 0 | AD17: =QUOTIENT((_xlfn.TEXTBEFORE(E17,":")*$E$2+_xlfn.TEXTAFTER(E17,":"))/$D$2,$E$2)&":"&TEXT(MOD((_xlfn.TEXTBEFORE(E17,":")*$E$2+_xlfn.TEXTAFTER(E17,":"))/$D$2,$E$2),"00") -> 6:59 | AE17: =_xlfn.TEXTBEFORE(AD17,":") -> 6 | AF17: =_xlfn.TEXTAFTER(AD17,":") -> 59 | AG17: =AE17*60+AF17 -> 419 | AH17: =AG18-AG17 -> 16 | AI17: =G17 -> 72:00 | AJ17: =QUOTIENT((_xlfn.TEXTBEFORE(H17,":")*$E$2+_xlfn.TEXTAFTER(H17,":"))/$D$2,$E$2)&":"&TEXT(MOD((_xlfn.TEXTBEFORE(H17,":")*$E$2+_xlfn.TEXTAFTER(H17,":"))/$D$2,$E$2),"00") -> 7:12 | AK17: =_xlfn.TEXTBEFORE(AJ17,":") -> 7 | AL17: =_xlfn.TEXTAFTER(AJ17,":") -> 12 | AM17: =AK17*60+AL17 -> 432 | AN17: =AM18-AM17 -> 15 | AO17: =QUOTIENT((_xlfn.TEXTBEFORE(I17,":")*$E$2+_xlfn.TEXTAFTER(I17,":"))/$D$2,$E$2)&":"&TEXT(MOD((_xlfn.TEXTBEFORE(I17,":")*$E$2+_xlfn.TEXTAFTER(I17,":"))/$D$2,$E$2),"00") -> 7:27 | AP17: =_xlfn.TEXTBEFORE(AO17,":") -> 7 | AQ17: =_xlfn.TEXTAFTER(AO17,":") -> 27 | AR17: =AP17*60+AQ17 -> 447 | AS17: =AR18-AR17 -> 22 | AT17: =K17 -> 2:40:00 | AU17: =QUOTIENT((_xlfn.TEXTBEFORE(L17,":")*$E$2+_xlfn.TEXTAFTER(L17,":"))/$D$2,$E$2)&":"&TEXT(MOD((_xlfn.TEXTBEFORE(L17,":")*$E$2+_xlfn.TEXTAFTER(L17,":"))/$D$2,$E$2),"00") -> 7:34 | AV17: =_xlfn.TEXTBEFORE(AU17,":") -> 7 | AW17: =_xlfn.TEXTAFTER(AU17,":") -> 34 | AX17: =AV17*60+AW17 -> 454 | AY17: =AX18-AX17 -> 28 | AZ17: =N17 -> 5:30:00 | BA17: =QUOTIENT((_xlfn.TEXTBEFORE(O17,":")*$E$2+_xlfn.TEXTAFTER(O17,":"))/$D$2,$E$2)&":"&TEXT(MOD((_xlfn.TEXTBEFORE(O17,":")*$E$2+_xlfn.TEXTAFTER(O17,":"))/$D$2,$E$2),"00") -> 7:49 | BB17: =_xlfn.TEXTBEFORE(BA17,":") -> 7 | BC17: =_xlfn.TEXTAFTER(BA17,":") -> 49 | BD17: =BB17*60+BC17 -> 469 | BE17: =BD18-BD17 -> 16 | BF17: =BB17*60+BC17 -> 469 | BG17: =QUOTIENT((_xlfn.TEXTBEFORE(P17,":")*$E$2+_xlfn.TEXTAFTER(P17,":"))/$D$2,$E$2)&":"&TEXT(MOD((_xlfn.TEXTBEFORE(P17,":")*$E$2+_xlfn.TEXTAFTER(P17,":"))/$D$2,$E$2),"00") -> 8:17 | BH17: =_xlfn.TEXTBEFORE(BG17,":") -> 8 | BI17: =_xlfn.TEXTAFTER(BG17,":") -> 17 | BJ17: =BH17*60+BI17 -> 497 | BK17: =BJ18-BJ17 -> 16
B18: 11:00 | C18: 36:15/11:40 | D18: 36:15 | E18: 11:40 | F18: 75:00/12:00 | G18: 75:00 | H18: 12:00 | I18: 12:35 | J18: 2:50:00/12:55 | K18: 2:50:00 | L18: 12:55 | M18: 5:40:00/13:00 | N18: 5:40:00 | O18: 13:00 | P18: 13:45 | Q18: =QUOTIENT((_xlfn.TEXTBEFORE(B18,":")*$E$2+_xlfn.TEXTAFTER(B18,":"))/$D$2,$E$2)&":"&TEXT(MOD((_xlfn.TEXTBEFORE(B18,":")*$E$2+_xlfn.TEXTAFTER(B18,":"))/$D$2,$E$2),"00") -> 6:50 | R18: =_xlfn.TEXTBEFORE(Q18,":") -> 6 | S18: =_xlfn.TEXTAFTER(Q18,":") -> 50 | T18: =R18*60+S18 -> 410 | U18: =T19-T18 -> 19 | V18: =D18 -> 36:15 | W18: =_xlfn.TEXTBEFORE(V18,":") -> 36 | X18: =_xlfn.TEXTAFTER(V18,":") -> 15 | Y18: =W18*60+X18 -> 2175 | Z18: =IF(AND(Y18>$BR$8,SUM($Z$5:Z17)=0),1,0) -> 0 | AA18: =Y19-Y18 -> 105 | AB18: =IF(Z19=1,$BR$8-Y18,0) -> 0 | AC18: =AB18/AA18 -> 0 | AD18: =QUOTIENT((_xlfn.TEXTBEFORE(E18,":")*$E$2+_xlfn.TEXTAFTER(E18,":"))/$D$2,$E$2)&":"&TEXT(MOD((_xlfn.TEXTBEFORE(E18,":")*$E$2+_xlfn.TEXTAFTER(E18,":"))/$D$2,$E$2),"00") -> 7:15 | AE18: =_xlfn.TEXTBEFORE(AD18,":") -> 7 | AF18: =_xlfn.TEXTAFTER(AD18,":") -> 15 | AG18: =AE18*60+AF18 -> 435 | AH18: =AG19-AG18 -> 22 | AI18: =G18 -> 75:00 | AJ18: =QUOTIENT((_xlfn.TEXTBEFORE(H18,":")*$E$2+_xlfn.TEXTAFTER(H18,":"))/$D$2,$E$2)&":"&TEXT(MOD((_xlfn.TEXTBEFORE(H18,":")*$E$2+_xlfn.TEXTAFTER(H18,":"))/$D$2,$E$2),"00") -> 7:27 | AK18: =_xlfn.TEXTBEFORE(AJ18,":") -> 7 | AL18: =_xlfn.TEXTAFTER(AJ18,":") -> 27 | AM18: =AK18*60+AL18 -> 447 | AN18: =AM19-AM18 -> 22 | AO18: =QUOTIENT((_xlfn.TEXTBEFORE(I18,":")*$E$2+_xlfn.TEXTAFTER(I18,":"))/$D$2,$E$2)&":"&TEXT(MOD((_xlfn.TEXTBEFORE(I18,":")*$E$2+_xlfn.TEXTAFTER(I18,":"))/$D$2,$E$2),"00") -> 7:49 | AP18: =_xlfn.TEXTBEFORE(AO18,":") -> 7 | AQ18: =_xlfn.TEXTAFTER(AO18,":") -> 49 | AR18: =AP18*60+AQ18 -> 469 | AS18: =AR19-AR18 -> 16 | AT18: =K18 -> 2:50:00 | AU18: =QUOTIENT((_xlfn.TEXTBEFORE(L18,":")*$E$2+_xlfn.TEXTAFTER(L18,":"))/$D$2,$E$2)&":"&TEXT(MOD((_xlfn.TEXTBEFORE(L18,":")*$E$2+_xlfn.TEXTAFTER(L18,":"))/$D$2,$E$2),"00") -> 8:02 | AV18: =_xlfn.TEXTBEFORE(AU18,":") -> 8 | AW18: =_xlfn.TEXTAFTER(AU18,":") -> 02 | AX18: =AV18*60+AW18 -> 482 | AY18: =AX19-AX18 -> 12 | AZ18: =N18 -> 5:40:00 | BA18: =QUOTIENT((_xlfn.TEXTBEFORE(O18,":")*$E$2+_xlfn.TEXTAFTER(O18,":"))/$D$2,$E$2)&":"&TEXT(MOD((_xlfn.TEXTBEFORE(O18,":")*$E$2+_xlfn.TEXTAFTER(O18,":"))/$D$2,$E$2),"00") -> 8:05 | BB18: =_xlfn.TEXTBEFORE(BA18,":") -> 8 | BC18: =_xlfn.TEXTAFTER(BA18,":") -> 05 | BD18: =BB18*60+BC18 -> 485 | BE18: =BD19-BD18 -> 12 | BF18: =BB18*60+BC18 -> 485 | BG18: =QUOTIENT((_xlfn.TEXTBEFORE(P18,":")*$E$2+_xlfn.TEXTAFTER(P18,":"))/$D$2,$E$2)&":"&TEXT(MOD((_xlfn.TEXTBEFORE(P18,":")*$E$2+_xlfn.TEXTAFTER(P18,":"))/$D$2,$E$2),"00") -> 8:33 | BH18: =_xlfn.TEXTBEFORE(BG18,":") -> 8 | BI18: =_xlfn.TEXTAFTER(BG18,":") -> 33 | BJ18: =BH18*60+BI18 -> 513 | BK18: =BJ19-BJ18 -> 12
B19: 11:30 | C19: 38:00/12:15 | D19: 38:00 | E19: 12:15 | F19: 78:30/12:35 | G19: 78:30 | H19: 12:35 | I19: 13:00 | J19: 2:55:00/13:15 | K19: 2:55:00 | L19: 13:15 | M19: 5:50:00/13:20 | N19: 5:50:00 | O19: 13:20 | P19: 14:05 | Q19: =QUOTIENT((_xlfn.TEXTBEFORE(B19,":")*$E$2+_xlfn.TEXTAFTER(B19,":"))/$D$2,$E$2)&":"&TEXT(MOD((_xlfn.TEXTBEFORE(B19,":")*$E$2+_xlfn.TEXTAFTER(B19,":"))/$D$2,$E$2),"00") -> 7:09 | R19: =_xlfn.TEXTBEFORE(Q19,":") -> 7 | S19: =_xlfn.TEXTAFTER(Q19,":") -> 09 | T19: =R19*60+S19 -> 429 | U19: =T20-T19 -> 18 | V19: =D19 -> 38:00 | W19: =_xlfn.TEXTBEFORE(V19,":") -> 38 | X19: =_xlfn.TEXTAFTER(V19,":") -> 00 | Y19: =W19*60+X19 -> 2280 | Z19: =IF(AND(Y19>$BR$8,SUM($Z$5:Z18)=0),1,0) -> 0 | AA19: =Y20-Y19 -> 90 | AB19: =IF(Z20=1,$BR$8-Y19,0) -> 0 | AC19: =AB19/AA19 -> 0 | AD19: =QUOTIENT((_xlfn.TEXTBEFORE(E19,":")*$E$2+_xlfn.TEXTAFTER(E19,":"))/$D$2,$E$2)&":"&TEXT(MOD((_xlfn.TEXTBEFORE(E19,":")*$E$2+_xlfn.TEXTAFTER(E19,":"))/$D$2,$E$2),"00") -> 7:37 | AE19: =_xlfn.TEXTBEFORE(AD19,":") -> 7 | AF19: =_xlfn.TEXTAFTER(AD19,":") -> 37 | AG19: =AE19*60+AF19 -> 457 | AH19: =AG20-AG19 -> 15 | AI19: =G19 -> 78:30 | AJ19: =QUOTIENT((_xlfn.TEXTBEFORE(H19,":")*$E$2+_xlfn.TEXTAFTER(H19,":"))/$D$2,$E$2)&":"&TEXT(MOD((_xlfn.TEXTBEFORE(H19,":")*$E$2+_xlfn.TEXTAFTER(H19,":"))/$D$2,$E$2),"00") -> 7:49 | AK19: =_xlfn.TEXTBEFORE(AJ19,":") -> 7 | AL19: =_xlfn.TEXTAFTER(AJ19,":") -> 49 | AM19: =AK19*60+AL19 -> 469 | AN19: =AM20-AM19 -> 19 | AO19: =QUOTIENT((_xlfn.TEXTBEFORE(I19,":")*$E$2+_xlfn.TEXTAFTER(I19,":"))/$D$2,$E$2)&":"&TEXT(MOD((_xlfn.TEXTBEFORE(I19,":")*$E$2+_xlfn.TEXTAFTER(I19,":"))/$D$2,$E$2),"00") -> 8:05 | AP19: =_xlfn.TEXTBEFORE(AO19,":") -> 8 | AQ19: =_xlfn.TEXTAFTER(AO19,":") -> 05 | AR19: =AP19*60+AQ19 -> 485 | AS19: =AR20-AR19 -> 21 | AT19: =K19 -> 2:55:00 | AU19: =QUOTIENT((_xlfn.TEXTBEFORE(L19,":")*$E$2+_xlfn.TEXTAFTER(L19,":"))/$D$2,$E$2)&":"&TEXT(MOD((_xlfn.TEXTBEFORE(L19,":")*$E$2+_xlfn.TEXTAFTER(L19,":"))/$D$2,$E$2),"00") -> 8:14 | AV19: =_xlfn.TEXTBEFORE(AU19,":") -> 8 | AW19: =_xlfn.TEXTAFTER(AU19,":") -> 14 | AX19: =AV19*60+AW19 -> 494 | AY19: =AX20-AX19 -> 31 | AZ19: =N19 -> 5:50:00 | BA19: =QUOTIENT((_xlfn.TEXTBEFORE(O19,":")*$E$2+_xlfn.TEXTAFTER(O19,":"))/$D$2,$E$2)&":"&TEXT(MOD((_xlfn.TEXTBEFORE(O19,":")*$E$2+_xlfn.TEXTAFTER(O19,":"))/$D$2,$E$2),"00") -> 8:17 | BB19: =_xlfn.TEXTBEFORE(BA19,":") -> 8 | BC19: =_xlfn.TEXTAFTER(BA19,":") -> 17 | BD19: =BB19*60+BC19 -> 497 | BE19: =BD20-BD19 -> 16 | BF19: =BB19*60+BC19 -> 497 | BG19: =QUOTIENT((_xlfn.TEXTBEFORE(P19,":")*$E$2+_xlfn.TEXTAFTER(P19,":"))/$D$2,$E$2)&":"&TEXT(MOD((_xlfn.TEXTBEFORE(P19,":")*$E$2+_xlfn.TEXTAFTER(P19,":"))/$D$2,$E$2),"00") -> 8:45 | BH19: =_xlfn.TEXTBEFORE(BG19,":") -> 8 | BI19: =_xlfn.TEXTAFTER(BG19,":") -> 45 | BJ19: =BH19*60+BI19 -> 525 | BK19: =BJ20-BJ19 -> 16
B20: 12:00 | C20: 39:30/12:40 | D20: 39:30 | E20: 12:40 | F20: 81:30/13:05 | G20: 81:30 | H20: 13:05 | I20: 13:35 | J20: 3:05:00/14:05 | K20: 3:05:00 | L20: 14:05 | M20: 6:00:00/13:45 | N20: 6:00:00 | O20: 13:45 | P20: 14:30 | Q20: =QUOTIENT((_xlfn.TEXTBEFORE(B20,":")*$E$2+_xlfn.TEXTAFTER(B20,":"))/$D$2,$E$2)&":"&TEXT(MOD((_xlfn.TEXTBEFORE(B20,":")*$E$2+_xlfn.TEXTAFTER(B20,":"))/$D$2,$E$2),"00") -> 7:27 | R20: =_xlfn.TEXTBEFORE(Q20,":") -> 7 | S20: =_xlfn.TEXTAFTER(Q20,":") -> 27 | T20: =R20*60+S20 -> 447 | V20: =D20 -> 39:30 | W20: =_xlfn.TEXTBEFORE(V20,":") -> 39 | X20: =_xlfn.TEXTAFTER(V20,":") -> 30 | Y20: =W20*60+X20 -> 2370 | Z20: =IF(AND(Y20>$BR$8,SUM($Z$5:Z19)=0),1,0) -> 0 | AD20: =QUOTIENT((_xlfn.TEXTBEFORE(E20,":")*$E$2+_xlfn.TEXTAFTER(E20,":"))/$D$2,$E$2)&":"&TEXT(MOD((_xlfn.TEXTBEFORE(E20,":")*$E$2+_xlfn.TEXTAFTER(E20,":"))/$D$2,$E$2),"00") -> 7:52 | AE20: =_xlfn.TEXTBEFORE(AD20,":") -> 7 | AF20: =_xlfn.TEXTAFTER(AD20,":") -> 52 | AG20: =AE20*60+AF20 -> 472 | AI20: =G20 -> 81:30 | AJ20: =QUOTIENT((_xlfn.TEXTBEFORE(H20,":")*$E$2+_xlfn.TEXTAFTER(H20,":"))/$D$2,$E$2)&":"&TEXT(MOD((_xlfn.TEXTBEFORE(H20,":")*$E$2+_xlfn.TEXTAFTER(H20,":"))/$D$2,$E$2),"00") -> 8:08 | AK20: =_xlfn.TEXTBEFORE(AJ20,":") -> 8 | AL20: =_xlfn.TEXTAFTER(AJ20,":") -> 08 | AM20: =AK20*60+AL20 -> 488 | AO20: =QUOTIENT((_xlfn.TEXTBEFORE(I20,":")*$E$2+_xlfn.TEXTAFTER(I20,":"))/$D$2,$E$2)&":"&TEXT(MOD((_xlfn.TEXTBEFORE(I20,":")*$E$2+_xlfn.TEXTAFTER(I20,":"))/$D$2,$E$2),"00") -> 8:26 | AP20: =_xlfn.TEXTBEFORE(AO20,":") -> 8 | AQ20: =_xlfn.TEXTAFTER(AO20,":") -> 26 | AR20: =AP20*60+AQ20 -> 506 | AT20: =K20 -> 3:05:00 | AU20: =QUOTIENT((_xlfn.TEXTBEFORE(L20,":")*$E$2+_xlfn.TEXTAFTER(L20,":"))/$D$2,$E$2)&":"&TEXT(MOD((_xlfn.TEXTBEFORE(L20,":")*$E$2+_xlfn.TEXTAFTER(L20,":"))/$D$2,$E$2),"00") -> 8:45 | AV20: =_xlfn.TEXTBEFORE(AU20,":") -> 8 | AW20: =_xlfn.TEXTAFTER(AU20,":") -> 45 | AX20: =AV20*60+AW20 -> 525 | AZ20: =N20 -> 6:00:00 | BA20: =QUOTIENT((_xlfn.TEXTBEFORE(O20,":")*$E$2+_xlfn.TEXTAFTER(O20,":"))/$D$2,$E$2)&":"&TEXT(MOD((_xlfn.TEXTBEFORE(O20,":")*$E$2+_xlfn.TEXTAFTER(O20,":"))/$D$2,$E$2),"00") -> 8:33 | BB20: =_xlfn.TEXTBEFORE(BA20,":") -> 8 | BC20: =_xlfn.TEXTAFTER(BA20,":") -> 33 | BD20: =BB20*60+BC20 -> 513 | BF20: =BB20*60+BC20 -> 513 | BG20: =QUOTIENT((_xlfn.TEXTBEFORE(P20,":")*$E$2+_xlfn.TEXTAFTER(P20,":"))/$D$2,$E$2)&":"&TEXT(MOD((_xlfn.TEXTBEFORE(P20,":")*$E$2+_xlfn.TEXTAFTER(P20,":"))/$D$2,$E$2),"00") -> 9:01 | BH20: =_xlfn.TEXTBEFORE(BG20,":") -> 9 | BI20: =_xlfn.TEXTAFTER(BG20,":") -> 01 | BJ20: =BH20*60+BI20 -> 541
BM24: 10k | BN24: Run | BO24: Avg.
BN25: 5k total | BO25: 30:00
BN26: Best | BO26: 05:36
BN27: Mile | BO27: 05:48 | BX27: 0.0064814815
BN28: 5k avg. | BO28: 06:00 | BX28: 0.020833333
BN29: 10k avg. | BO29: 06:13 | BX29: 0.043171296
BN30: Tempo | BO30: 06:31
BN31: Half avg. | BO31: 06:38 | BX31: 0.0971875
BN32: Full avg. | BO32: 06:44 | BX32: 0.19729167
BN33: Recovery | BO33: 07:12
BM35: 10k | BN35: Run | BO35: Avg.
BN36: 5k total | BO36: 25:00
BN37: Best | BO37: 04:37
BN38: Mile | BO38: 04:48 | BX38: 0.0053472222
BN39: 5k avg. | BO39: 04:59 | BX39: 0.017268519
BN40: 10k avg. | BO40: 05:11 | BX40: 0.035972222
BN41: Tempo | BO41: 05:26
BN42: Half avg. | BO42: 05:24 | BX42: 0.078993056
BN43: Full avg. | BO43: 05:38 | BX43: 0.16521991
BN44: Recovery | BO44: 06:06
BM46: Half | BN46: Run | BO46: Avg.
BN47: 5k total | BO47: 26:10
BN48: Best | BO48: 04:49
BN49: Mile | BO49: 05:01 | BX49: 0.0056018519
BN50: 5k avg. | BO50: 05:13 | BX50: 0.018078704
BN51: 10k avg. | BO51: 05:26 | BX51: 0.037673611
BN52: Tempo | BO52: 05:41
BN53: Half avg. | BO53: 05:41 | BX53: 0.083194444
BN54: Full avg. | BO54: 05:54 | BX54: 0.17263889
BN55: Recovery | BO55: 06:21
BM57: Full | BN57: Run | BO57: Avg.
BN58: 5k total | BO58: 25:00 | BP58: 25 | BQ58: 00 | BR58: 1500
BN59: Best | BO59: 04:37 | BP59: 4 | BQ59: 36.833333 | BR59: 276.83333 | BS59: 261 | BT59: 15.833333 | BV59: 220 | BW59: 13.004214
BN60: Mile | BO60: 04:48 | BP60: 4 | BQ60: 47.666667 | BR60: 287.66667 | BU60: 1.60934 | BV60: 210 | BW60: 12.514484 | BX60: 0.0053472222
BN61: 5k avg. | BO61: 04:59 | BP61: 4 | BQ61: 58.5 | BR61: 298.5 | BS61: 286 | BT61: 12.5 | BU61: 5 | BV61: 200 | BW61: 12.060302 | BX61: 0.017268519
BN62: 10k avg. | BO62: 05:11 | BP62: 5 | BQ62: 10.833333 | BR62: 310.83333 | BS62: 295 | BT62: 15.833333 | BU62: 10 | BV62: 190 | BW62: 11.581769 | BX62: 0.035972222
BN63: Tempo | BO63: 05:26 | BP63: 5 | BQ63: 25.5 | BR63: 325.5 | BS63: 308 | BT63: 17.5 | BV63: 180 | BW63: 11.059908
BN64: Half avg. | BO64: 05:24 | BP64: 5 | BQ64: 23.5 | BR64: 323.5 | BS64: 311 | BT64: 12.5 | BU64: 21.1 | BV64: 190 | BW64: 11.128284 | BX64: 0.078993056
BN65: Full avg. | BO65: 05:38 | BP65: 5 | BQ65: 38.333333 | BR65: 338.33333 | BS65: 320 | BT65: 18.333333 | BU65: 42.195 | BV65: 180 | BW65: 10.640394 | BX65: 0.16521991
BN66: Recovery | BO66: 06:06 | BP66: 6 | BQ66: 6.3333333 | BR66: 366.33333 | BS66: 348 | BT66: 18.333333 | BV66: 160 | BW66: 9.8271156

Sheet Individual pace
C2: Pace | G2: Avg. pace
B3: Split | C3: Seconds | D3: In format | E3: Pace up | F3: Last | G3: Total seconds | H3: Goal | I3: 5 | J3: 6.5 | K3: 8 | L3: 10 | M3: 3.5
B4: 1 | C4: 320 | D4: =IF(ISNUMBER(C4),TIME(,,C4),"-") -> 0.0037037037 | G4: =IF(F4=1,SUM($C$4:C4),IF(F4>0,SUM($C3:C$4,C4*F4),"-")) -> - | H4: =IF(ISNUMBER(G4),TIME(,,G4/IF(F4=1,B4,B3+F4)),"-") -> -
B5: =B4+1 -> 2 | C5: =IF(F4>0,"-",IF(E5=1,C4-10,C4)) -> 310 | D5: =IF(ISNUMBER(C5),TIME(,,C5),"-") -> 0.003587963 | E5: 1 | G5: =IF(F5=1,SUM($C$4:C5),IF(F5>0,SUM($C$4:C4,C5*F5),"-")) -> - | H5: =IF(ISNUMBER(G5),TIME(,,G5/IF(F5=1,B5,B4+F5)),"-") -> - | I5: 1 | J5: 1 | M5: 1
B6: =B5+1 -> 3 | C6: =IF(F5>0,"-",IF(E6=1,C5-10,C5)) -> 300 | D6: =IF(ISNUMBER(C6),TIME(,,C6),"-") -> 0.0034722222 | E6: 1 | G6: =IF(F6=1,SUM($C$4:C6),IF(F6>0,SUM($C$4:C5,C6*F6),"-")) -> - | H6: =IF(ISNUMBER(G6),TIME(,,G6/IF(F6=1,B6,B5+F6)),"-") -> - | K6: 1 | M6: 1
B7: =B6+1 -> 4 | C7: =IF(F6>0,"-",IF(E7=1,C6-10,C6)) -> 300 | D7: =IF(ISNUMBER(C7),TIME(,,C7),"-") -> 0.0034722222 | G7: =IF(F7=1,SUM($C$4:C7),IF(F7>0,SUM($C$4:C6,C7*F7),"-")) -> - | H7: =IF(ISNUMBER(G7),TIME(,,G7/IF(F7=1,B7,B6+F7)),"-") -> - | I7: 1 | J7: 1 | L7: 1 | M7: 1
B8: =B7+1 -> 5 | C8: =IF(F7>0,"-",IF(E8=1,C7-10,C7)) -> 300 | D8: =IF(ISNUMBER(C8),TIME(,,C8),"-") -> 0.0034722222 | G8: =IF(F8=1,SUM($C$4:C8),IF(F8>0,SUM($C$4:C7,C8*F8),"-")) -> - | H8: =IF(ISNUMBER(G8),TIME(,,G8/IF(F8=1,B8,B7+F8)),"-") -> -
B9: =B8+1 -> 6 | C9: =IF(F8>0,"-",IF(E9=1,C8-10,C8)) -> 300 | D9: =IF(ISNUMBER(C9),TIME(,,C9),"-") -> 0.0034722222 | G9: =IF(F9=1,SUM($C$4:C9),IF(F9>0,SUM($C$4:C8,C9*F9),"-")) -> - | H9: =IF(ISNUMBER(G9),TIME(,,G9/IF(F9=1,B9,B8+F9)),"-") -> - | J9: 1 | K9: 1
B10: =B9+1 -> 7 | C10: =IF(F9>0,"-",IF(E10=1,C9-10,C9)) -> 300 | D10: =IF(ISNUMBER(C10),TIME(,,C10),"-") -> 0.0034722222 | G10: =IF(F10=1,SUM($C$4:C10),IF(F10>0,SUM($C$4:C9,C10*F10),"-")) -> - | H10: =IF(ISNUMBER(G10),TIME(,,G10/IF(F10=1,B10,B9+F10)),"-") -> - | L10: 1
B11: =B10+1 -> 8 | C11: =IF(F10>0,"-",IF(E11=1,C10-10,C10)) -> 300 | D11: =IF(ISNUMBER(C11),TIME(,,C11),"-") -> 0.0034722222 | F11: 1 | G11: =IF(F11=1,SUM($C$4:C11),IF(F11>0,SUM($C$4:C10,C11*F11),"-")) -> 2430 | H11: =IF(ISNUMBER(G11),TIME(,,G11/IF(F11=1,B11,B10+F11)),"-") -> 0.0035069444
B12: =B11+1 -> 9 | C12: =IF(F11>0,"-",IF(E12=1,C11-10,C11)) -> - | D12: =IF(ISNUMBER(C12),TIME(,,C12),"-") -> - | G12: =IF(F12=1,SUM($C$4:C12),IF(F12>0,SUM($C$4:C11,C12*F12),"-")) -> - | H12: =IF(ISNUMBER(G12),TIME(,,G12/IF(F12=1,B12,B11+F12)),"-") -> -
B13: =B12+1 -> 10 | C13: =IF(F12>0,"-",IF(E13=1,C12-10,C12)) -> - | D13: =IF(ISNUMBER(C13),TIME(,,C13),"-") -> - | G13: =IF(F13=1,SUM($C$4:C13),IF(F13>0,SUM($C$4:C12,C13*F13),"-")) -> - | H13: =IF(ISNUMBER(G13),TIME(,,G13/IF(F13=1,B13,B12+F13)),"-") -> - | L13: 1
B14: =B13+1 -> 11 | C14: =IF(F13>0,"-",IF(E14=1,C13-10,C13)) -> - | D14: =IF(ISNUMBER(C14),TIME(,,C14),"-") -> - | G14: =IF(F14=1,SUM($C$4:C14),IF(F14>0,SUM($C$4:C13,C14*F14),"-")) -> - | H14: =IF(ISNUMBER(G14),TIME(,,G14/IF(F14=1,B14,B13+F14)),"-") -> -
B15: =B14+1 -> 12 | C15: =IF(F14>0,"-",IF(E15=1,C14-10,C14)) -> - | D15: =IF(ISNUMBER(C15),TIME(,,C15),"-") -> - | G15: =IF(F15=1,SUM($C$4:C15),IF(F15>0,SUM($C$4:C14,C15*F15),"-")) -> - | H15: =IF(ISNUMBER(G15),TIME(,,G15/IF(F15=1,B15,B14+F15)),"-") -> -
B16: =B15+1 -> 13 | C16: =IF(F15>0,"-",IF(E16=1,C15-10,C15)) -> - | D16: =IF(ISNUMBER(C16),TIME(,,C16),"-") -> - | G16: =IF(F16=1,SUM($C$4:C16),IF(F16>0,SUM($C$4:C15,C16*F16),"-")) -> - | H16: =IF(ISNUMBER(G16),TIME(,,G16/IF(F16=1,B16,B15+F16)),"-") -> -
B17: =B16+1 -> 14 | C17: =IF(F16>0,"-",IF(E17=1,C16-10,C16)) -> - | D17: =IF(ISNUMBER(C17),TIME(,,C17),"-") -> - | G17: =IF(F17=1,SUM($C$4:C17),IF(F17>0,SUM($C$4:C16,C17*F17),"-")) -> - | H17: =IF(ISNUMBER(G17),TIME(,,G17/IF(F17=1,B17,B16+F17)),"-") -> -
B18: =B17+1 -> 15 | C18: =IF(F17>0,"-",IF(E18=1,C17-10,C17)) -> - | D18: =IF(ISNUMBER(C18),TIME(,,C18),"-") -> - | G18: =IF(F18=1,SUM($C$4:C18),IF(F18>0,SUM($C$4:C17,C18*F18),"-")) -> - | H18: =IF(ISNUMBER(G18),TIME(,,G18/IF(F18=1,B18,B17+F18)),"-") -> -
B19: =B18+1 -> 16 | C19: =IF(F18>0,"-",IF(E19=1,C18-10,C18)) -> - | D19: =IF(ISNUMBER(C19),TIME(,,C19),"-") -> - | G19: =IF(F19=1,SUM($C$4:C19),IF(F19>0,SUM($C$4:C18,C19*F19),"-")) -> - | H19: =IF(ISNUMBER(G19),TIME(,,G19/IF(F19=1,B19,B18+F19)),"-") -> -
B20: =B19+1 -> 17 | C20: =IF(F19>0,"-",IF(E20=1,C19-10,C19)) -> - | D20: =IF(ISNUMBER(C20),TIME(,,C20),"-") -> - | G20: =IF(F20=1,SUM($C$4:C20),IF(F20>0,SUM($C$4:C19,C20*F20),"-")) -> - | H20: =IF(ISNUMBER(G20),TIME(,,G20/IF(F20=1,B20,B19+F20)),"-") -> -
B21: =B20+1 -> 18 | C21: =IF(F20>0,"-",IF(E21=1,C20-10,C20)) -> - | D21: =IF(ISNUMBER(C21),TIME(,,C21),"-") -> - | G21: =IF(F21=1,SUM($C$4:C21),IF(F21>0,SUM($C$4:C20,C21*F21),"-")) -> - | H21: =IF(ISNUMBER(G21),TIME(,,G21/IF(F21=1,B21,B20+F21)),"-") -> -
B22: =B21+1 -> 19 | C22: =IF(F21>0,"-",IF(E22=1,C21-10,C21)) -> - | D22: =IF(ISNUMBER(C22),TIME(,,C22),"-") -> - | G22: =IF(F22=1,SUM($C$4:C22),IF(F22>0,SUM($C$4:C21,C22*F22),"-")) -> - | H22: =IF(ISNUMBER(G22),TIME(,,G22/IF(F22=1,B22,B21+F22)),"-") -> -
B23: =B22+1 -> 20 | C23: =IF(F22>0,"-",IF(E23=1,C22-10,C22)) -> - | D23: =IF(ISNUMBER(C23),TIME(,,C23),"-") -> - | G23: =IF(F23=1,SUM($C$4:C23),IF(F23>0,SUM($C$4:C22,C23*F23),"-")) -> - | H23: =IF(ISNUMBER(G23),TIME(,,G23/IF(F23=1,B23,B22+F23)),"-") -> -
B24: =B23+1 -> 21 | C24: =IF(F23>0,"-",IF(E24=1,C23-10,C23)) -> - | D24: =IF(ISNUMBER(C24),TIME(,,C24),"-") -> - | G24: =IF(F24=1,SUM($C$4:C24),IF(F24>0,SUM($C$4:C23,C24*F24),"-")) -> - | H24: =IF(ISNUMBER(G24),TIME(,,G24/IF(F24=1,B24,B23+F24)),"-") -> -

Sheet Reference >>

Sheet Marathon pace
F2: Avg. pace | G2: 1.60934 | I2: Convert to Time | L2: Avg. pace
B3: 42.195 | C3: =B3/2 -> 21.0975 | D3: 10 | E3: 5 | F3: km | G3: mile | H3: km/hour | I3: Hour | J3: Min | K3: Total | L3: In decimal
B4: 05:00 | C4: =TIME(0,$L4*C$3,0) -> 0.10416667 | D4: =TIME(0,$L4*D$3,0) -> 0.049305556 | E4: =TIME(0,$L4*E$3,0) -> 0.024305556 | F4: =TIME(,,K4/$B$3*60) -> 0.0049305556 | G4: =TIME(,,L4*$G$2*60) -> 0.0079398148 | H4: =60/L4 -> 8.439 | I4: =_xlfn.TEXTBEFORE(B4,":") -> 05 | J4: =_xlfn.TEXTAFTER(B4,":") -> 00 | K4: =I4*60+J4 -> 300 | L4: =K4/$B$3 -> 7.1098471
B5: 04:30 | C5: =TIME(0,$L5*C$3,0) -> 0.09375 | D5: =TIME(0,$L5*D$3,0) -> 0.04375 | E5: =TIME(0,$L5*E$3,0) -> 0.021527778 | F5: =TIME(,,K5/$B$3*60) -> 0.0044328704 | G5: =TIME(,,L5*$G$2*60) -> 0.0071412037 | H5: =60/L5 -> 9.3766667 | I5: =_xlfn.TEXTBEFORE(B5,":") -> 04 | J5: =_xlfn.TEXTAFTER(B5,":") -> 30 | K5: =I5*60+J5 -> 270 | L5: =K5/$B$3 -> 6.3988624
B6: 04:00 | C6: =TIME(0,$L6*C$3,0) -> 0.083333333 | D6: =TIME(0,$L6*D$3,0) -> 0.038888889 | E6: =TIME(0,$L6*E$3,0) -> 0.019444444 | F6: =TIME(,,K6/$B$3*60) -> 0.0039467593 | G6: =TIME(,,L6*$G$2*60) -> 0.0063541667 | H6: =60/L6 -> 10.54875 | I6: =_xlfn.TEXTBEFORE(B6,":") -> 04 | J6: =_xlfn.TEXTAFTER(B6,":") -> 00 | K6: =I6*60+J6 -> 240 | L6: =K6/$B$3 -> 5.6878777
B7: 03:30 | C7: =TIME(0,$L7*C$3,0) -> 0.072916667 | D7: =TIME(0,$L7*D$3,0) -> 0.034027778 | E7: =TIME(0,$L7*E$3,0) -> 0.016666667 | F7: =TIME(,,K7/$B$3*60) -> 0.0034490741 | G7: =TIME(,,L7*$G$2*60) -> 0.0055555556 | H7: =60/L7 -> 12.055714 | I7: =_xlfn.TEXTBEFORE(B7,":") -> 03 | J7: =_xlfn.TEXTAFTER(B7,":") -> 30 | K7: =I7*60+J7 -> 210 | L7: =K7/$B$3 -> 4.976893
B8: 03:00 | C8: =TIME(0,$L8*C$3,0) -> 0.0625 | D8: =TIME(0,$L8*D$3,0) -> 0.029166667 | E8: =TIME(0,$L8*E$3,0) -> 0.014583333 | F8: =TIME(,,K8/$B$3*60) -> 0.0029513889 | G8: =TIME(,,L8*$G$2*60) -> 0.0047569444 | H8: =60/L8 -> 14.065 | I8: =_xlfn.TEXTBEFORE(B8,":") -> 03 | J8: =_xlfn.TEXTAFTER(B8,":") -> 00 | K8: =I8*60+J8 -> 180 | L8: =K8/$B$3 -> 4.2659083
B9: =TIME(0,$L9*B$3,0) -> 0.15277778 | C9: 01:50 | D9: =TIME(0,$L9*D$3,0) -> 0.036111111 | E9: =TIME(0,$L9*E$3,0) -> 0.018055556 | F9: =TIME(,,K9/$C$3*60) -> 0.0036111111 | G9: =TIME(,,L9*$G$2*60) -> 0.0058217593 | H9: =60/L9 -> 11.507727 | I9: =_xlfn.TEXTBEFORE(C9,":") -> 01 | J9: =_xlfn.TEXTAFTER(C9,":") -> 50 | K9: =I9*60+J9 -> 110 | L9: =K9/$C$3 -> 5.2138879
B10: =TIME(0,$L10*B$3,0) -> 0.21944444 | C10: =TIME(0,$L10*C$3,0) -> 0.10972222 | D10: 01:15 | E10: =TIME(0,$L10*E$3,0) -> 0.025694444 | F10: =TIME(,,K10/$D$3*60) -> 0.0052083333 | G10: =TIME(,,L10*$G$2*60) -> 0.0083796296 | H10: =60/L10 -> 8 | I10: =_xlfn.TEXTBEFORE(D10,":") -> 01 | J10: =_xlfn.TEXTAFTER(D10,":") -> 15 | K10: =I10*60+J10 -> 75 | L10: =K10/$D$3 -> 7.5
B11: =TIME(0,$L11*B$3,0) -> 0.20486111 | C11: =TIME(0,$L11*C$3,0) -> 0.10208333 | D11: 01:10 | E11: =TIME(0,$L11*E$3,0) -> 0.024305556 | F11: =TIME(,,K11/$D$3*60) -> 0.0048611111 | G11: =TIME(,,L11*$G$2*60) -> 0.0078125 | H11: =60/L11 -> 8.5714286 | I11: =_xlfn.TEXTBEFORE(D11,":") -> 01 | J11: =_xlfn.TEXTAFTER(D11,":") -> 10 | K11: =I11*60+J11 -> 70 | L11: =K11/$D$3 -> 7
B12: =TIME(0,$L12*B$3,0) -> 0.19027778 | C12: =TIME(0,$L12*C$3,0) -> 0.095138889 | D12: 01:05 | E12: =TIME(0,$L12*E$3,0) -> 0.022222222 | F12: =TIME(,,K12/$D$3*60) -> 0.0045138889 | G12: =TIME(,,L12*$G$2*60) -> 0.0072569444 | H12: =60/L12 -> 9.2307692 | I12: =_xlfn.TEXTBEFORE(D12,":") -> 01 | J12: =_xlfn.TEXTAFTER(D12,":") -> 05 | K12: =I12*60+J12 -> 65 | L12: =K12/$D$3 -> 6.5
B13: =TIME(0,$L13*B$3,0) -> 0.17569444 | C13: =TIME(0,$L13*C$3,0) -> 0.0875 | D13: 01:00 | E13: =TIME(0,$L13*E$3,0) -> 0.020833333 | F13: =TIME(,,K13/$D$3*60) -> 0.0041666667 | G13: =TIME(,,L13*$G$2*60) -> 0.0067013889 | H13: =60/L13 -> 10 | I13: =_xlfn.TEXTBEFORE(D13,":") -> 01 | J13: =_xlfn.TEXTAFTER(D13,":") -> 00 | K13: =I13*60+J13 -> 60 | L13: =K13/$D$3 -> 6
B14: =TIME(0,$L14*B$3,0) -> 0.16388889 | C14: =TIME(0,$L14*C$3,0) -> 0.081944444 | D14: 00:56 | E14: =TIME(0,$L14*E$3,0) -> 0.019444444 | F14: =TIME(,,K14/$D$3*60) -> 0.0038888889 | G14: =TIME(,,L14*$G$2*60) -> 0.00625 | H14: =60/L14 -> 10.714286 | I14: =_xlfn.TEXTBEFORE(D14,":") -> 00 | J14: =_xlfn.TEXTAFTER(D14,":") -> 56 | K14: =I14*60+J14 -> 56 | L14: =K14/$D$3 -> 5.6
B15: =TIME(0,$L15*B$3,0) -> 0.14583333 | C15: =TIME(0,$L15*C$3,0) -> 0.072916667 | D15: 00:50 | E15: =TIME(0,$L15*E$3,0) -> 0.017361111 | F15: =TIME(,,K15/$D$3*60) -> 0.0034722222 | G15: =TIME(,,L15*$G$2*60) -> 0.0055787037 | H15: =60/L15 -> 12 | I15: =_xlfn.TEXTBEFORE(D15,":") -> 00 | J15: =_xlfn.TEXTAFTER(D15,":") -> 50 | K15: =I15*60+J15 -> 50 | L15: =K15/$D$3 -> 5
B16: =TIME(0,$L16*B$3,0) -> 0.13125 | C16: =TIME(0,$L16*C$3,0) -> 0.065277778 | D16: 00:45 | E16: =TIME(0,$L16*E$3,0) -> 0.015277778 | F16: =TIME(,,K16/$D$3*60) -> 0.003125 | G16: =TIME(,,L16*$G$2*60) -> 0.0050231481 | H16: =60/L16 -> 13.333333 | I16: =_xlfn.TEXTBEFORE(D16,":") -> 00 | J16: =_xlfn.TEXTAFTER(D16,":") -> 45 | K16: =I16*60+J16 -> 45 | L16: =K16/$D$3 -> 4.5
B17: =TIME(0,$L17*B$3,0) -> 0.11666667 | C17: =TIME(0,$L17*C$3,0) -> 0.058333333 | D17: 00:40 | E17: =TIME(0,$L17*E$3,0) -> 0.013888889 | F17: =TIME(,,K17/$D$3*60) -> 0.0027777778 | G17: =TIME(,,L17*$G$2*60) -> 0.0044675926 | H17: =60/L17 -> 15 | I17: =_xlfn.TEXTBEFORE(D17,":") -> 00 | J17: =_xlfn.TEXTAFTER(D17,":") -> 40 | K17: =I17*60+J17 -> 40 | L17: =K17/$D$3 -> 4
B18: =TIME(0,$L18*B$3,0) -> 0.14583333 | C18: =TIME(0,$L18*C$3,0) -> 0.072916667 | D18: =TIME(0,$L18*D$3,0) -> 0.034722222 | E18: 00:25 | F18: =TIME(,,K18/$E$3*60) -> 0.0034722222 | G18: =TIME(,,L18*$G$2*60) -> 0.0055787037 | H18: =60/L18 -> 12 | I18: =_xlfn.TEXTBEFORE(E18,":") -> 00 | J18: =_xlfn.TEXTAFTER(E18,":") -> 25 | K18: =I18*60+J18 -> 25 | L18: =K18/$E$3 -> 5
B19: =TIME(0,$L19*B$3,0) -> 0.21041667 | C19: =TIME(0,$L19*C$3,0) -> 0.10486111 | D19: =TIME(0,$L19*D$3,0) -> 0.05 | E19: =TIME(0,$L19*E$3,0) -> 0.025 | F19: 07:12 | G19: =TIME(,,L19*$G$2*60) -> 0.0080439815 | H19: =60/L19 -> 8.3333333 | I19: =_xlfn.TEXTBEFORE(F19,":") -> 07 | J19: =_xlfn.TEXTAFTER(F19,":") -> 12 | K19: =I19*60+J19 -> 432 | L19: =K19/60 -> 7.2
B20: =TIME(0,$L20*B$3,0) -> 0.19027778 | C20: =TIME(0,$L20*C$3,0) -> 0.095138889 | D20: =TIME(0,$L20*D$3,0) -> 0.045138889 | E20: =TIME(0,$L20*E$3,0) -> 0.022222222 | F20: 06:30 | G20: =TIME(,,L20*$G$2*60) -> 0.0072569444 | H20: =60/L20 -> 9.2307692 | I20: =_xlfn.TEXTBEFORE(F20,":") -> 06 | J20: =_xlfn.TEXTAFTER(F20,":") -> 30 | K20: =I20*60+J20 -> 390 | L20: =K20/60 -> 6.5
B21: =TIME(0,$L21*B$3,0) -> 0.18194444 | C21: =TIME(0,$L21*C$3,0) -> 0.090972222 | D21: =TIME(0,$L21*D$3,0) -> 0.043055556 | E21: =TIME(0,$L21*E$3,0) -> 0.021527778 | F21: 06:13 | G21: =TIME(,,L21*$G$2*60) -> 0.0069444444 | H21: =60/L21 -> 9.6514745 | I21: =_xlfn.TEXTBEFORE(F21,":") -> 06 | J21: =_xlfn.TEXTAFTER(F21,":") -> 13 | K21: =I21*60+J21 -> 373 | L21: =K21/60 -> 6.2166667
B22: =TIME(0,$L22*B$3,0) -> 0.16388889 | C22: =TIME(0,$L22*C$3,0) -> 0.081944444 | D22: =TIME(0,$L22*D$3,0) -> 0.038888889 | E22: =TIME(0,$L22*E$3,0) -> 0.019444444 | F22: 05:36 | G22: =TIME(,,L22*$G$2*60) -> 0.00625 | H22: =60/L22 -> 10.714286 | I22: =_xlfn.TEXTBEFORE(F22,":") -> 05 | J22: =_xlfn.TEXTAFTER(F22,":") -> 36 | K22: =I22*60+J22 -> 336 | L22: =K22/60 -> 5.6
B23: =TIME(0,$L23*B$3,0) -> 0.15625 | C23: =TIME(0,$L23*C$3,0) -> 0.077777778 | D23: =TIME(0,$L23*D$3,0) -> 0.036805556 | E23: =TIME(0,$L23*E$3,0) -> 0.018055556 | F23: 05:20 | G23: =TIME(,,L23*$G$2*60) -> 0.0059490741 | H23: =60/L23 -> 11.25 | I23: =_xlfn.TEXTBEFORE(F23,":") -> 05 | J23: =_xlfn.TEXTAFTER(F23,":") -> 20 | K23: =I23*60+J23 -> 320 | L23: =K23/60 -> 5.3333333
B24: =TIME(0,$L24*B$3,0) -> 0.13125 | C24: =TIME(0,$L24*C$3,0) -> 0.065277778 | D24: =TIME(0,$L24*D$3,0) -> 0.03125 | E24: =TIME(0,$L24*E$3,0) -> 0.015277778 | F24: 04:30 | G24: =TIME(,,L24*$G$2*60) -> 0.0050231481 | H24: =60/L24 -> 13.333333 | I24: =_xlfn.TEXTBEFORE(F24,":") -> 04 | J24: =_xlfn.TEXTAFTER(F24,":") -> 30 | K24: =I24*60+J24 -> 270 | L24: =K24/60 -> 4.5
B25: =TIME(0,$L25*B$3,0) -> 0.11666667 | C25: =TIME(0,$L25*C$3,0) -> 0.058333333 | D25: =TIME(0,$L25*D$3,0) -> 0.027777778 | E25: =TIME(0,$L25*E$3,0) -> 0.013888889 | F25: 04:00 | G25: =TIME(,,L25*$G$2*60) -> 0.0044675926 | H25: =60/L25 -> 15 | I25: =_xlfn.TEXTBEFORE(F25,":") -> 04 | J25: =_xlfn.TEXTAFTER(F25,":") -> 00 | K25: =I25*60+J25 -> 240 | L25: =K25/60 -> 4
B26: =TIME(0,$L26*B$3,0) -> 0.13472222 | C26: =TIME(0,$L26*C$3,0) -> 0.067361111 | D26: =TIME(0,$L26*D$3,0) -> 0.031944444 | E26: =TIME(0,$L26*E$3,0) -> 0.015972222 | F26: =TIME(,,L26*60) -> 0.0031944444 | G26: =TIME(,,L26*$G$2*60) -> 0.005150463 | H26: 13 | K26: =L26*60 -> 276.92308 | L26: =60/H26 -> 4.6153846
B27: =TIME(0,$L27*B$3,0) -> 0.14027778 | C27: =TIME(0,$L27*C$3,0) -> 0.070138889 | D27: =TIME(0,$L27*D$3,0) -> 0.033333333 | E27: =TIME(0,$L27*E$3,0) -> 0.016666667 | F27: =TIME(,,L27*60) -> 0.0033333333 | G27: =TIME(,,L27*$G$2*60) -> 0.0053587963 | H27: 12.5 | K27: =L27*60 -> 288 | L27: =60/H27 -> 4.8
B28: =TIME(0,$L28*B$3,0) -> 0.14583333 | C28: =TIME(0,$L28*C$3,0) -> 0.072916667 | D28: =TIME(0,$L28*D$3,0) -> 0.034722222 | E28: =TIME(0,$L28*E$3,0) -> 0.017361111 | F28: =TIME(,,L28*60) -> 0.0034722222 | G28: =TIME(,,L28*$G$2*60) -> 0.0055787037 | H28: 12 | K28: =L28*60 -> 300 | L28: =60/H28 -> 5
B29: =TIME(0,$L29*B$3,0) -> 0.15277778 | C29: =TIME(0,$L29*C$3,0) -> 0.076388889 | D29: =TIME(0,$L29*D$3,0) -> 0.036111111 | E29: =TIME(0,$L29*E$3,0) -> 0.018055556 | F29: =TIME(,,L29*60) -> 0.0036226852 | G29: =TIME(,,L29*$G$2*60) -> 0.0058217593 | H29: 11.5 | K29: =L29*60 -> 313.04348 | L29: =60/H29 -> 5.2173913 | P29: 42.195
B30: =TIME(0,$L30*B$3,0) -> 0.15972222 | C30: =TIME(0,$L30*C$3,0) -> 0.079861111 | D30: =TIME(0,$L30*D$3,0) -> 0.0375 | E30: =TIME(0,$L30*E$3,0) -> 0.01875 | F30: =TIME(,,L30*60) -> 0.0037847222 | G30: =TIME(,,L30*$G$2*60) -> 0.006087963 | H30: 11 | K30: =L30*60 -> 327.27273 | L30: =60/H30 -> 5.4545455 | P30: 270
B31: =TIME(0,$L31*B$3,0) -> 0.16736111 | C31: =TIME(0,$L31*C$3,0) -> 0.083333333 | D31: =TIME(0,$L31*D$3,0) -> 0.039583333 | E31: =TIME(0,$L31*E$3,0) -> 0.019444444 | F31: =TIME(,,L31*60) -> 0.0039583333 | G31: =TIME(,,L31*$G$2*60) -> 0.0063773148 | H31: 10.5 | K31: =L31*60 -> 342.85714 | L31: =60/H31 -> 5.7142857 | P31: =P30/P29 -> 6.3988624
B32: =TIME(0,$L32*B$3,0) -> 0.18472222 | C32: =TIME(0,$L32*C$3,0) -> 0.092361111 | D32: =TIME(0,$L32*D$3,0) -> 0.04375 | E32: =TIME(0,$L32*E$3,0) -> 0.021527778 | F32: =TIME(,,L32*60) -> 0.004375 | G32: =TIME(,,L32*$G$2*60) -> 0.0070486111 | H32: 9.5 | K32: =L32*60 -> 378.94737 | L32: =60/H32 -> 6.3157895

Sheet Map
B2: North | C2: Starbucks | D2: 0.85
C3: 환기구 | D3: 2
C4: 동상 | D4: 2.8
C5: Hoboken lightrail | D5: 3.8
C6: 공원 | D6: 5.1
C7: 운동장 입구 | D7: 6.5
C8: 운동장 끝 | D8: 6.9
C9: 정자 | D9: 7.4
B10: South | C10: Hudson & Co | D10: 1.2
C11: 건물 | D11: 1.7
C12: Exchange place | D12: 2.3
C13: 선착장 | D13: 3
C14: Colgate | D14: 3.5

Sheet Nike training program_10k
C2: Recovery | H2: Speed | M2: Recovery | R2: Speed | W2: Long | AC2: Recovery | AG2: =SUM(AG86:AG95) -> 5 | AI2: Speed_adj | AM2: =SUM(AM86:AM95) -> 3 | AO2: Recovery | AS2: =SUM(AS49:AS58) -> 4.8 | AU2: Speed_adj | AY2: =SUM(AY49:AY58) -> 1.4 | BA2: Long | BE2: =SUM(BE86:BE95) -> 10
B3: Week | C3: Laps | D3: Category | E3: Pace | F3: Distance | G3: Min | H3: Laps | I3: Category | J3: Pace | K3: Distance | L3: Min | M3: Laps | N3: Category | O3: Pace | P3: Distance | Q3: Min | R3: Laps | S3: Category | T3: Pace | U3: Distance | V3: Min | W3: Laps | X3: Category | Y3: Pace | Z3: Distance | AA3: Min | AC3: Laps | AD3: Category | AE3: Pace | AF3: km/h | AG3: Distance | AH3: Min | AI3: Laps | AJ3: Category | AK3: Pace | AL3: km/h | AM3: Distance | AN3: Min | AO3: Laps | AP3: Category | AQ3: Pace | AR3: km/h | AS3: Distance | AT3: Min | AU3: Laps | AV3: Category | AW3: Pace | AX3: km/h | AY3: Distance | AZ3: Min | BA3: Laps | BB3: Category | BC3: Pace | BD3: km/h | BE3: Distance | BF3: Min
B4: W-8 | C4: 1 | D4: Mile | E4: =INDEX('Nike pace chart'!$BO$9:$BO$16,MATCH('Nike training program_10k'!D4,'Nike pace chart'!$BY$9:$BY$16,0)) -> 04:25 | F4: 3.2 | G4: - | H4: 8 | I4: 5k | J4: =INDEX('Nike pace chart'!$BO$9:$BO$16,MATCH('Nike training program_10k'!I4,'Nike pace chart'!$BY$9:$BY$16,0)) -> 04:37 | K4: =INDEX('Nike pace chart'!$BV$9:$BV$16,MATCH('Nike training program_10k'!I4,'Nike pace chart'!$BY$9:$BY$16,0))/1000*1 -> 0.22 | L4: 0.00069444444 | M4: 1 | N4: Recovery | O4: =INDEX('Nike pace chart'!$BO$9:$BO$16,MATCH('Nike training program_10k'!N4,'Nike pace chart'!$BY$9:$BY$16,0)) -> 05:39 | P4: =INDEX('Nike pace chart'!$BV$9:$BV$16,MATCH('Nike training program_10k'!N4,'Nike pace chart'!$BY$9:$BY$16,0))/1000*25 -> 4.5 | Q4: 25:00 | R4: 1 | S4: Warm-up | T4: - | U4: - | V4: 05:00 | W4: 1 | X4: Mile | Y4: =INDEX('Nike pace chart'!$BO$9:$BO$16,MATCH('Nike training program_10k'!X4,'Nike pace chart'!$BY$9:$BY$16,0)) -> 04:25 | Z4: 5 | AA4: - | AC4: 1 | AD4: Recovery | AE4: =INDEX('Nike pace chart'!$BO$9:$BO$16,MATCH('Nike training program_10k'!AD4,'Nike pace chart'!$BY$9:$BY$16,0)) -> 05:39 | AF4: =3600/(_xlfn.TEXTBEFORE(AE4,":")*60+_xlfn.TEXTAFTER(AE4,":")) -> 10.619469 | AG4: 3.2 | AH4: - | AI4: 4 | AJ4: 5k | AK4: =INDEX('Nike pace chart'!$BO$9:$BO$16,MATCH('Nike training program_10k'!AJ4,'Nike pace chart'!$BY$9:$BY$16,0)) -> 04:37 | AL4: =3600/(_xlfn.TEXTBEFORE(AK4,":")*60+_xlfn.TEXTAFTER(AK4,":")) -> 12.99639 | AM4: 0.5 | AN4: 0.00069444444 | AO4: 1 | AP4: Recovery | AQ4: =INDEX('Nike pace chart'!$BO$9:$BO$16,MATCH('Nike training program_10k'!AP4,'Nike pace chart'!$BY$9:$BY$16,0)) -> 05:39 | AR4: =3600/(_xlfn.TEXTBEFORE(AQ4,":")*60+_xlfn.TEXTAFTER(AQ4,":")) -> 10.619469 | AS4: =INDEX('Nike pace chart'!$BV$9:$BV$16,MATCH('Nike training program_10k'!AP4,'Nike pace chart'!$BY$9:$BY$16,0))/1000*25 -> 4.5 | AT4: 25:00 | AU4: 1 | AV4: Warm-up | AW4: - | AY4: - | AZ4: 05:00 | BA4: 1 | BB4: Mile | BC4: 0.003587963 | BD4: =3600/(MINUTE(BC4)*60+SECOND(BC4)) -> 11.612903 | BE4: 1 | BF4: -
B5: W-8 | I5: Recovery | J5: =INDEX('Nike pace chart'!$BO$9:$BO$16,MATCH('Nike training program_10k'!I5,'Nike pace chart'!$BY$9:$BY$16,0)) -> 05:39 | K5: =INDEX('Nike pace chart'!$BV$9:$BV$16,MATCH('Nike training program_10k'!I5,'Nike pace chart'!$BY$9:$BY$16,0))/1000*1 -> 0.18 | L5: 01:00 | R5: 1 | S5: 5k | T5: =INDEX('Nike pace chart'!$BO$9:$BO$16,MATCH('Nike training program_10k'!S5,'Nike pace chart'!$BY$9:$BY$16,0)) -> 04:37 | U5: =INDEX('Nike pace chart'!$BV$9:$BV$16,MATCH('Nike training program_10k'!S5,'Nike pace chart'!$BY$9:$BY$16,0))/1000*1 -> 0.22 | V5: 01:00 | AJ5: Recovery | AK5: =INDEX('Nike pace chart'!$BO$9:$BO$16,MATCH('Nike training program_10k'!AJ5,'Nike pace chart'!$BY$9:$BY$16,0)) -> 05:39 | AL5: =3600/(_xlfn.TEXTBEFORE(AK5,":")*60+_xlfn.TEXTAFTER(AK5,":")) -> 10.619469 | AM5: 0.3 | AN5: 01:00 | AU5: 1 | AV5: 10k | AW5: =INDEX('Nike pace chart'!$BO$9:$BO$16,MATCH('Nike training program_10k'!AV5,'Nike pace chart'!$BY$9:$BY$16,0)) -> 04:46 | AX5: =3600/(_xlfn.TEXTBEFORE(AW5,":")*60+_xlfn.TEXTAFTER(AW5,":")) -> 12.587413 | AY5: 0.8 | BC5: 0.0034722222 | BD5: =3600/(MINUTE(BC5)*60+SECOND(BC5)) -> 12 | BE5: 1 | BH5: 10k | BI5: 0.65
B6: W-8 | S6: Recovery | T6: =INDEX('Nike pace chart'!$BO$9:$BO$16,MATCH('Nike training program_10k'!S6,'Nike pace chart'!$BY$9:$BY$16,0)) -> 05:39 | U6: =INDEX('Nike pace chart'!$BV$9:$BV$16,MATCH('Nike training program_10k'!S6,'Nike pace chart'!$BY$9:$BY$16,0))/1000*1 -> 0.18 | V6: 01:00 | AV6: Recovery | AW6: =INDEX('Nike pace chart'!$BO$9:$BO$16,MATCH('Nike training program_10k'!AV6,'Nike pace chart'!$BY$9:$BY$16,0)) -> 05:39 | AX6: =3600/(_xlfn.TEXTBEFORE(AW6,":")*60+_xlfn.TEXTAFTER(AW6,":")) -> 10.619469 | AY6: 0.3 | BC6: 0.0034722222 | BD6: =3600/(MINUTE(BC6)*60+SECOND(BC6)) -> 12 | BE6: 1 | BI6: 0.3
B7: W-8 | R7: 1 | S7: 10k | T7: =INDEX('Nike pace chart'!$BO$9:$BO$16,MATCH('Nike training program_10k'!S7,'Nike pace chart'!$BY$9:$BY$16,0)) -> 04:46 | U7: =INDEX('Nike pace chart'!$BV$9:$BV$16,MATCH('Nike training program_10k'!S7,'Nike pace chart'!$BY$9:$BY$16,0))/1000*2 -> 0.42 | V7: 02:00 | AU7: 1 | AV7: Mile | AW7: =INDEX('Nike pace chart'!$BO$9:$BO$16,MATCH('Nike training program_10k'!AV7,'Nike pace chart'!$BY$9:$BY$16,0)) -> 04:25 | AX7: =3600/(_xlfn.TEXTBEFORE(AW7,":")*60+_xlfn.TEXTAFTER(AW7,":")) -> 13.584906 | AY7: 0.4 | BC7: 0.0033564815 | BD7: =3600/(MINUTE(BC7)*60+SECOND(BC7)) -> 12.413793 | BE7: 1 | BH7: Mile | BI7: 0.4
B8: W-8 | S8: Recovery | T8: =INDEX('Nike pace chart'!$BO$9:$BO$16,MATCH('Nike training program_10k'!S8,'Nike pace chart'!$BY$9:$BY$16,0)) -> 05:39 | U8: =INDEX('Nike pace chart'!$BV$9:$BV$16,MATCH('Nike training program_10k'!S8,'Nike pace chart'!$BY$9:$BY$16,0))/1000*1 -> 0.18 | V8: 01:00 | AV8: Recovery | AW8: =INDEX('Nike pace chart'!$BO$9:$BO$16,MATCH('Nike training program_10k'!AV8,'Nike pace chart'!$BY$9:$BY$16,0)) -> 05:39 | AX8: =3600/(_xlfn.TEXTBEFORE(AW8,":")*60+_xlfn.TEXTAFTER(AW8,":")) -> 10.619469 | AY8: 0.4 | BC8: 0.0033564815 | BD8: =3600/(MINUTE(BC8)*60+SECOND(BC8)) -> 12.413793 | BE8: 1 | BI8: 0.4
B9: W-8 | R9: 1 | S9: 5k | T9: =INDEX('Nike pace chart'!$BO$9:$BO$16,MATCH('Nike training program_10k'!S9,'Nike pace chart'!$BY$9:$BY$16,0)) -> 04:37 | U9: =INDEX('Nike pace chart'!$BV$9:$BV$16,MATCH('Nike training program_10k'!S9,'Nike pace chart'!$BY$9:$BY$16,0))/1000*1 -> 0.22 | V9: 01:00 | AU9: 1 | AV9: 5k | AW9: =INDEX('Nike pace chart'!$BO$9:$BO$16,MATCH('Nike training program_10k'!AV9,'Nike pace chart'!$BY$9:$BY$16,0)) -> 04:37 | AX9: =3600/(_xlfn.TEXTBEFORE(AW9,":")*60+_xlfn.TEXTAFTER(AW9,":")) -> 12.99639 | AY9: 0.6 | BH9: 5k | BI9: 0.5
B10: W-8 | S10: Recovery | T10: =INDEX('Nike pace chart'!$BO$9:$BO$16,MATCH('Nike training program_10k'!S10,'Nike pace chart'!$BY$9:$BY$16,0)) -> 05:39 | U10: =INDEX('Nike pace chart'!$BV$9:$BV$16,MATCH('Nike training program_10k'!S10,'Nike pace chart'!$BY$9:$BY$16,0))/1000*1 -> 0.18 | V10: 01:00 | AV10: Recovery | AW10: =INDEX('Nike pace chart'!$BO$9:$BO$16,MATCH('Nike training program_10k'!AV10,'Nike pace chart'!$BY$9:$BY$16,0)) -> 05:39 | AX10: =3600/(_xlfn.TEXTBEFORE(AW10,":")*60+_xlfn.TEXTAFTER(AW10,":")) -> 10.619469 | AY10: 0.4 | BI10: 0.4
B11: W-8 | R11: 2 | S11: Mile | T11: =INDEX('Nike pace chart'!$BO$9:$BO$16,MATCH('Nike training program_10k'!S11,'Nike pace chart'!$BY$9:$BY$16,0)) -> 04:25 | U11: =INDEX('Nike pace chart'!$BV$9:$BV$16,MATCH('Nike training program_10k'!S11,'Nike pace chart'!$BY$9:$BY$16,0))/1000*0.75 -> 0.1725 | V11: 00:45 | AU11: 1 | AV11: Best | AW11: =INDEX('Nike pace chart'!$BO$9:$BO$16,MATCH('Nike training program_10k'!AV11,'Nike pace chart'!$BY$9:$BY$16,0)) -> 04:13 | AX11: =3600/(_xlfn.TEXTBEFORE(AW11,":")*60+_xlfn.TEXTAFTER(AW11,":")) -> 14.229249 | AY11: 0.15 | BH11: Best | BI11: 0.15
B12: W-8 | S12: Recovery | T12: =INDEX('Nike pace chart'!$BO$9:$BO$16,MATCH('Nike training program_10k'!S12,'Nike pace chart'!$BY$9:$BY$16,0)) -> 05:39 | U12: =INDEX('Nike pace chart'!$BV$9:$BV$16,MATCH('Nike training program_10k'!S12,'Nike pace chart'!$BY$9:$BY$16,0))/1000*1 -> 0.18 | V12: 01:00 | AV12: Recovery | AW12: =INDEX('Nike pace chart'!$BO$9:$BO$16,MATCH('Nike training program_10k'!AV12,'Nike pace chart'!$BY$9:$BY$16,0)) -> 05:39 | AX12: =3600/(_xlfn.TEXTBEFORE(AW12,":")*60+_xlfn.TEXTAFTER(AW12,":")) -> 10.619469 | AY12: 0.15 | BI12: 0.15
B13: W-8 | R13: 1 | S13: 10k | T13: =INDEX('Nike pace chart'!$BO$9:$BO$16,MATCH('Nike training program_10k'!S13,'Nike pace chart'!$BY$9:$BY$16,0)) -> 04:46 | U13: =INDEX('Nike pace chart'!$BV$9:$BV$16,MATCH('Nike training program_10k'!S13,'Nike pace chart'!$BY$9:$BY$16,0))/1000*2 -> 0.42 | V13: 02:00
B14: W-8 | S14: Recovery | T14: =INDEX('Nike pace chart'!$BO$9:$BO$16,MATCH('Nike training program_10k'!S14,'Nike pace chart'!$BY$9:$BY$16,0)) -> 05:39 | U14: =INDEX('Nike pace chart'!$BV$9:$BV$16,MATCH('Nike training program_10k'!S14,'Nike pace chart'!$BY$9:$BY$16,0))/1000*1 -> 0.18 | V14: 01:00
B15: W-8 | R15: 1 | S15: 5k | T15: =INDEX('Nike pace chart'!$BO$9:$BO$16,MATCH('Nike training program_10k'!S15,'Nike pace chart'!$BY$9:$BY$16,0)) -> 04:37 | U15: =INDEX('Nike pace chart'!$BV$9:$BV$16,MATCH('Nike training program_10k'!S15,'Nike pace chart'!$BY$9:$BY$16,0))/1000*1 -> 0.22 | V15: 01:00
B16: W-8 | S16: Recovery | T16: =INDEX('Nike pace chart'!$BO$9:$BO$16,MATCH('Nike training program_10k'!S16,'Nike pace chart'!$BY$9:$BY$16,0)) -> 05:39 | U16: =INDEX('Nike pace chart'!$BV$9:$BV$16,MATCH('Nike training program_10k'!S16,'Nike pace chart'!$BY$9:$BY$16,0))/1000*1 -> 0.18 | V16: 01:00
B17: W-8 | R17: 1 | S17: Mile | T17: =INDEX('Nike pace chart'!$BO$9:$BO$16,MATCH('Nike training program_10k'!S17,'Nike pace chart'!$BY$9:$BY$16,0)) -> 04:25 | U17: =INDEX('Nike pace chart'!$BV$9:$BV$16,MATCH('Nike training program_10k'!S17,'Nike pace chart'!$BY$9:$BY$16,0))/1000*0.75 -> 0.1725 | V17: 00:45
B18: W-8 | S18: Recovery | T18: =INDEX('Nike pace chart'!$BO$9:$BO$16,MATCH('Nike training program_10k'!S18,'Nike pace chart'!$BY$9:$BY$16,0)) -> 05:39 | U18: =INDEX('Nike pace chart'!$BV$9:$BV$16,MATCH('Nike training program_10k'!S18,'Nike pace chart'!$BY$9:$BY$16,0))/1000*1 -> 0.18 | V18: 01:00
B19: W-8 | R19: 1 | S19: Best | T19: =INDEX('Nike pace chart'!$BO$9:$BO$16,MATCH('Nike training program_10k'!S19,'Nike pace chart'!$BY$9:$BY$16,0)) -> 04:13 | U19: =INDEX('Nike pace chart'!$BV$9:$BV$16,MATCH('Nike training program_10k'!S19,'Nike pace chart'!$BY$9:$BY$16,0))/1000*0.5 -> 0.12 | V19: 00:30
B20: W-8 | S20: Recovery | T20: =INDEX('Nike pace chart'!$BO$9:$BO$16,MATCH('Nike training program_10k'!S20,'Nike pace chart'!$BY$9:$BY$16,0)) -> 05:39 | U20: =INDEX('Nike pace chart'!$BV$9:$BV$16,MATCH('Nike training program_10k'!S20,'Nike pace chart'!$BY$9:$BY$16,0))/1000*1 -> 0.18 | V20: 01:00
B21: W-8 | R21: 1 | S21: Best | T21: =INDEX('Nike pace chart'!$BO$9:$BO$16,MATCH('Nike training program_10k'!S21,'Nike pace chart'!$BY$9:$BY$16,0)) -> 04:13 | U21: =INDEX('Nike pace chart'!$BV$9:$BV$16,MATCH('Nike training program_10k'!S21,'Nike pace chart'!$BY$9:$BY$16,0))/1000*0.25 -> 0.06 | V21: 00:15
B22: W-7 | C22: 1 | D22: Recovery | E22: =INDEX('Nike pace chart'!$BO$9:$BO$16,MATCH('Nike training program_10k'!D22,'Nike pace chart'!$BY$9:$BY$16,0)) -> 05:39 | F22: =INDEX('Nike pace chart'!$BV$9:$BV$16,MATCH('Nike training program_10k'!D22,'Nike pace chart'!$BY$9:$BY$16,0))/1000*25 -> 4.5 | G22: 25:00 | H22: 1 | I22: Warm-up | J22: - | K22: - | L22: 05:00 | M22: 1 | N22: Recovery | O22: =INDEX('Nike pace chart'!$BO$9:$BO$16,MATCH('Nike training program_10k'!N22,'Nike pace chart'!$BY$9:$BY$16,0)) -> 05:39 | P22: =INDEX('Nike pace chart'!$BV$9:$BV$16,MATCH('Nike training program_10k'!N22,'Nike pace chart'!$BY$9:$BY$16,0))/1000*15 -> 2.7 | Q22: 15:00 | R22: 1 | S22: Warm-up | T22: - | U22: - | V22: 06:00 | W22: 1 | X22: Mile | Y22: =INDEX('Nike pace chart'!$BO$9:$BO$16,MATCH('Nike training program_10k'!X22,'Nike pace chart'!$BY$9:$BY$16,0)) -> 04:25 | Z22: 5 | AA22: - | AC22: 1 | AD22: Recovery | AE22: 06:06 | AF22: =3600/(_xlfn.TEXTBEFORE(AE22,":")*60+_xlfn.TEXTAFTER(AE22,":")) -> 9.8360656 | AG22: 4 | AI22: 1 | AJ22: Warm-up | AK22: - | AM22: - | AN22: 05:00 | AO22: 1 | AP22: Recovery | AQ22: 06:06 | AR22: =3600/(_xlfn.TEXTBEFORE(AQ22,":")*60+_xlfn.TEXTAFTER(AQ22,":")) -> 9.8360656 | AS22: 2.4 | AU22: 1 | AV22: Warm-up | AW22: - | AY22: - | AZ22: 06:00 | BA22: 1 | BB22: Mile | BC22: 0.003587963 | BD22: =3600/(MINUTE(BC22)*60+SECOND(BC22)) -> 11.612903 | BE22: 1 | BF22: -
B23: W-7 | H23: 3 | I23: 5k | J23: =INDEX('Nike pace chart'!$BO$9:$BO$16,MATCH('Nike training program_10k'!I23,'Nike pace chart'!$BY$9:$BY$16,0)) -> 04:37 | K23: =INDEX('Nike pace chart'!$BV$9:$BV$16,MATCH('Nike training program_10k'!I23,'Nike pace chart'!$BY$9:$BY$16,0))/1000*2 -> 0.44 | L23: 02:00 | R23: 1 | S23: Mile | T23: =INDEX('Nike pace chart'!$BO$9:$BO$16,MATCH('Nike training program_10k'!S23,'Nike pace chart'!$BY$9:$BY$16,0)) -> 04:25 | U23: =INDEX('Nike pace chart'!$BV$9:$BV$16,MATCH('Nike training program_10k'!S23,'Nike pace chart'!$BY$9:$BY$16,0))/1000*1 -> 0.23 | V23: 01:00 | AI23: 8 | AJ23: 5k | AK23: =INDEX('Nike pace chart'!$BO$9:$BO$16,MATCH('Nike training program_10k'!AJ23,'Nike pace chart'!$BY$9:$BY$16,0)) -> 04:37 | AL23: =3600/(_xlfn.TEXTBEFORE(AK23,":")*60+_xlfn.TEXTAFTER(AK23,":")) -> 12.99639 | AM23: 0.5 | AU23: 1 | AV23: Mile | AW23: 7:30 | AX23: =3600/(_xlfn.TEXTBEFORE(AW23,":")*60+_xlfn.TEXTAFTER(AW23,":")) -> 8 | AY23: 0.2 | AZ23: 01:00 | BC23: 0.0034722222 | BD23: =3600/(MINUTE(BC23)*60+SECOND(BC23)) -> 12 | BE23: 1
B24: W-7 | I24: Recovery | J24: =INDEX('Nike pace chart'!$BO$9:$BO$16,MATCH('Nike training program_10k'!I24,'Nike pace chart'!$BY$9:$BY$16,0)) -> 05:39 | K24: =INDEX('Nike pace chart'!$BV$9:$BV$16,MATCH('Nike training program_10k'!I24,'Nike pace chart'!$BY$9:$BY$16,0))/1000*1 -> 0.18 | L24: 01:00 | S24: Recovery | T24: =INDEX('Nike pace chart'!$BO$9:$BO$16,MATCH('Nike training program_10k'!S24,'Nike pace chart'!$BY$9:$BY$16,0)) -> 05:39 | U24: =INDEX('Nike pace chart'!$BV$9:$BV$16,MATCH('Nike training program_10k'!S24,'Nike pace chart'!$BY$9:$BY$16,0))/1000*0.5 -> 0.09 | V24: 00:30 | AJ24: Recovery | AK24: =INDEX('Nike pace chart'!$BO$9:$BO$16,MATCH('Nike training program_10k'!AJ24,'Nike pace chart'!$BY$9:$BY$16,0)) -> 05:39 | AL24: =3600/(_xlfn.TEXTBEFORE(AK24,":")*60+_xlfn.TEXTAFTER(AK24,":")) -> 10.619469 | AM24: 0.2 | AV24: Recovery | AW24: =INDEX('Nike pace chart'!$BO$9:$BO$16,MATCH('Nike training program_10k'!AV24,'Nike pace chart'!$BY$9:$BY$16,0)) -> 05:39 | AX24: =3600/(_xlfn.TEXTBEFORE(AW24,":")*60+_xlfn.TEXTAFTER(AW24,":")) -> 10.619469 | AY24: 0.1 | AZ24: 00:30 | BC24: 0.0034722222 | BD24: =3600/(MINUTE(BC24)*60+SECOND(BC24)) -> 12 | BE24: 1
B25: W-7 | H25: 1 | I25: 5k | J25: =INDEX('Nike pace chart'!$BO$9:$BO$16,MATCH('Nike training program_10k'!I25,'Nike pace chart'!$BY$9:$BY$16,0)) -> 04:37 | K25: =INDEX('Nike pace chart'!$BV$9:$BV$16,MATCH('Nike training program_10k'!I25,'Nike pace chart'!$BY$9:$BY$16,0))/1000*2 -> 0.44 | L25: 02:00 | R25: 1 | S25: 5k | T25: =INDEX('Nike pace chart'!$BO$9:$BO$16,MATCH('Nike training program_10k'!S25,'Nike pace chart'!$BY$9:$BY$16,0)) -> 04:37 | U25: =INDEX('Nike pace chart'!$BV$9:$BV$16,MATCH('Nike training program_10k'!S25,'Nike pace chart'!$BY$9:$BY$16,0))/1000*3 -> 0.66 | V25: 03:00 | AU25: 1 | AV25: 5k | AW25: =INDEX('Nike pace chart'!$BO$9:$BO$16,MATCH('Nike training program_10k'!AV25,'Nike pace chart'!$BY$9:$BY$16,0)) -> 04:37 | AX25: =3600/(_xlfn.TEXTBEFORE(AW25,":")*60+_xlfn.TEXTAFTER(AW25,":")) -> 12.99639 | AY25: 0.6 | AZ25: 03:00 | BC25: 0.0033564815 | BD25: =3600/(MINUTE(BC25)*60+SECOND(BC25)) -> 12.413793 | BE25: 1
B26: W-7 | I26: Recovery | J26: =INDEX('Nike pace chart'!$BO$9:$BO$16,MATCH('Nike training program_10k'!I26,'Nike pace chart'!$BY$9:$BY$16,0)) -> 05:39 | K26: =INDEX('Nike pace chart'!$BV$9:$BV$16,MATCH('Nike training program_10k'!I26,'Nike pace chart'!$BY$9:$BY$16,0))/1000*2 -> 0.36 | L26: 02:00 | S26: Recovery | T26: =INDEX('Nike pace chart'!$BO$9:$BO$16,MATCH('Nike training program_10k'!S26,'Nike pace chart'!$BY$9:$BY$16,0)) -> 05:39 | U26: =INDEX('Nike pace chart'!$BV$9:$BV$16,MATCH('Nike training program_10k'!S26,'Nike pace chart'!$BY$9:$BY$16,0))/1000*1.5 -> 0.27 | V26: 01:30 | AV26: Recovery | AW26: =INDEX('Nike pace chart'!$BO$9:$BO$16,MATCH('Nike training program_10k'!AV26,'Nike pace chart'!$BY$9:$BY$16,0)) -> 05:39 | AX26: =3600/(_xlfn.TEXTBEFORE(AW26,":")*60+_xlfn.TEXTAFTER(AW26,":")) -> 10.619469 | AY26: 0.3 | AZ26: 01:30 | BC26: 0.0033564815 | BD26: =3600/(MINUTE(BC26)*60+SECOND(BC26)) -> 12.413793 | BE26: 1
B27: W-7 | H27: 3 | I27: 5k | J27: =INDEX('Nike pace chart'!$BO$9:$BO$16,MATCH('Nike training program_10k'!I27,'Nike pace chart'!$BY$9:$BY$16,0)) -> 04:37 | K27: =INDEX('Nike pace chart'!$BV$9:$BV$16,MATCH('Nike training program_10k'!I27,'Nike pace chart'!$BY$9:$BY$16,0))/1000*2 -> 0.44 | L27: 02:00 | R27: 1 | S27: 10k | T27: =INDEX('Nike pace chart'!$BO$9:$BO$16,MATCH('Nike training program_10k'!S27,'Nike pace chart'!$BY$9:$BY$16,0)) -> 04:46 | U27: =INDEX('Nike pace chart'!$BV$9:$BV$16,MATCH('Nike training program_10k'!S27,'Nike pace chart'!$BY$9:$BY$16,0))/1000*5 -> 1.05 | V27: 05:00 | AU27: 1 | AV27: 10k | AW27: =INDEX('Nike pace chart'!$BO$9:$BO$16,MATCH('Nike training program_10k'!AV27,'Nike pace chart'!$BY$9:$BY$16,0)) -> 04:46 | AX27: =3600/(_xlfn.TEXTBEFORE(AW27,":")*60+_xlfn.TEXTAFTER(AW27,":")) -> 12.587413 | AY27: 1 | AZ27: 05:00
B28: W-7 | I28: Recovery | J28: =INDEX('Nike pace chart'!$BO$9:$BO$16,MATCH('Nike training program_10k'!I28,'Nike pace chart'!$BY$9:$BY$16,0)) -> 05:39 | K28: =INDEX('Nike pace chart'!$BV$9:$BV$16,MATCH('Nike training program_10k'!I28,'Nike pace chart'!$BY$9:$BY$16,0))/1000*1 -> 0.18 | L28: 01:00 | S28: Recovery | T28: =INDEX('Nike pace chart'!$BO$9:$BO$16,MATCH('Nike training program_10k'!S28,'Nike pace chart'!$BY$9:$BY$16,0)) -> 05:39 | U28: =INDEX('Nike pace chart'!$BV$9:$BV$16,MATCH('Nike training program_10k'!S28,'Nike pace chart'!$BY$9:$BY$16,0))/1000*9.5 -> 1.71 | V28: 09:30 | AV28: Recovery | AW28: =INDEX('Nike pace chart'!$BO$9:$BO$16,MATCH('Nike training program_10k'!AV28,'Nike pace chart'!$BY$9:$BY$16,0)) -> 05:39 | AX28: =3600/(_xlfn.TEXTBEFORE(AW28,":")*60+_xlfn.TEXTAFTER(AW28,":")) -> 10.619469 | AY28: 1.5 | AZ28: 09:30
B29: W-7 | H29: 1 | I29: 5k | J29: =INDEX('Nike pace chart'!$BO$9:$BO$16,MATCH('Nike training program_10k'!I29,'Nike pace chart'!$BY$9:$BY$16,0)) -> 04:37 | K29: =INDEX('Nike pace chart'!$BV$9:$BV$16,MATCH('Nike training program_10k'!I29,'Nike pace chart'!$BY$9:$BY$16,0))/1000*2 -> 0.44 | L29: 02:00
B30: W-7 | I30: Recovery | J30: =INDEX('Nike pace chart'!$BO$9:$BO$16,MATCH('Nike training program_10k'!I30,'Nike pace chart'!$BY$9:$BY$16,0)) -> 05:39 | K30: =INDEX('Nike pace chart'!$BV$9:$BV$16,MATCH('Nike training program_10k'!I30,'Nike pace chart'!$BY$9:$BY$16,0))/1000*2 -> 0.36 | L30: 02:00
B31: W-7 | H31: 2 | I31: 5k | J31: =INDEX('Nike pace chart'!$BO$9:$BO$16,MATCH('Nike training program_10k'!I31,'Nike pace chart'!$BY$9:$BY$16,0)) -> 04:37 | K31: =INDEX('Nike pace chart'!$BV$9:$BV$16,MATCH('Nike training program_10k'!I31,'Nike pace chart'!$BY$9:$BY$16,0))/1000*2 -> 0.44 | L31: 02:00
B32: W-7 | I32: Recovery | J32: =INDEX('Nike pace chart'!$BO$9:$BO$16,MATCH('Nike training program_10k'!I32,'Nike pace chart'!$BY$9:$BY$16,0)) -> 05:39 | K32: =INDEX('Nike pace chart'!$BV$9:$BV$16,MATCH('Nike training program_10k'!I32,'Nike pace chart'!$BY$9:$BY$16,0))/1000*1 -> 0.18 | L32: 01:00
B33: W-6 | C33: 1 | D33: Recovery | E33: =INDEX('Nike pace chart'!$BO$9:$BO$16,MATCH('Nike training program_10k'!D33,'Nike pace chart'!$BY$9:$BY$16,0)) -> 05:39 | F33: =INDEX('Nike pace chart'!$BV$9:$BV$16,MATCH('Nike training program_10k'!D33,'Nike pace chart'!$BY$9:$BY$16,0))/1000*35 -> 6.3 | G33: 35:00 | H33: 1 | I33: Hill | J33: - | K33: - | L33: 05:00 | M33: 1 | N33: Recovery | O33: =INDEX('Nike pace chart'!$BO$9:$BO$16,MATCH('Nike training program_10k'!N33,'Nike pace chart'!$BY$9:$BY$16,0)) -> 05:39 | P33: =INDEX('Nike pace chart'!$BV$9:$BV$16,MATCH('Nike training program_10k'!N33,'Nike pace chart'!$BY$9:$BY$16,0))/1000*35 -> 6.3 | Q33: 35:00 | R33: 2 | S33: 10k | T33: =INDEX('Nike pace chart'!$BO$9:$BO$16,MATCH('Nike training program_10k'!S33,'Nike pace chart'!$BY$9:$BY$16,0)) -> 04:46 | U33: =INDEX('Nike pace chart'!$BV$9:$BV$16,MATCH('Nike training program_10k'!S33,'Nike pace chart'!$BY$9:$BY$16,0))/1000*1.5 -> 0.315 | V33: 01:30 | W33: 1 | X33: Mile | Y33: =INDEX('Nike pace chart'!$BO$9:$BO$16,MATCH('Nike training program_10k'!X33,'Nike pace chart'!$BY$9:$BY$16,0)) -> 04:25 | Z33: 6.5 | AA33: - | AC33: 1 | AD33: Recovery | AE33: 06:06 | AF33: =3600/(_xlfn.TEXTBEFORE(AE33,":")*60+_xlfn.TEXTAFTER(AE33,":")) -> 9.8360656 | AG33: 5.6 | AI33: Hill | AJ33: Warm-up | AK33: - | AM33: - | AN33: 05:00 | AO33: 1 | AP33: Recovery | AQ33: 06:06 | AR33: =3600/(_xlfn.TEXTBEFORE(AQ33,":")*60+_xlfn.TEXTAFTER(AQ33,":")) -> 9.8360656 | AS33: 5.6 | AU33: 2 | AV33: 10k | AW33: =INDEX('Nike pace chart'!$BO$9:$BO$16,MATCH('Nike training program_10k'!AV33,'Nike pace chart'!$BY$9:$BY$16,0)) -> 04:46 | AX33: =3600/(_xlfn.TEXTBEFORE(AW33,":")*60+_xlfn.TEXTAFTER(AW33,":")) -> 12.587413 | AY33: 0.3 | AZ33: 01:30 | BA33: 1 | BB33: Mile | BC33: 0.003587963 | BD33: =3600/(MINUTE(BC33)*60+SECOND(BC33)) -> 11.612903 | BE33: 1 | BF33: -
B34: W-6 | H34: 2 | I34: 10k | J34: =INDEX('Nike pace chart'!$BO$9:$BO$16,MATCH('Nike training program_10k'!I34,'Nike pace chart'!$BY$9:$BY$16,0)) -> 04:46 | K34: =INDEX('Nike pace chart'!$BV$9:$BV$16,MATCH('Nike training program_10k'!I34,'Nike pace chart'!$BY$9:$BY$16,0))/1000*3.5 -> 0.735 | L34: 03:30 | S34: Recovery | T34: =INDEX('Nike pace chart'!$BO$9:$BO$16,MATCH('Nike training program_10k'!S34,'Nike pace chart'!$BY$9:$BY$16,0)) -> 05:39 | U34: =INDEX('Nike pace chart'!$BV$9:$BV$16,MATCH('Nike training program_10k'!S34,'Nike pace chart'!$BY$9:$BY$16,0))/1000*1.5 -> 0.27 | V34: 01:30 | AI34: 2 | AJ34: 10k | AK34: =INDEX('Nike pace chart'!$BO$9:$BO$16,MATCH('Nike training program_10k'!AJ34,'Nike pace chart'!$BY$9:$BY$16,0)) -> 04:46 | AL34: =3600/(_xlfn.TEXTBEFORE(AK34,":")*60+_xlfn.TEXTAFTER(AK34,":")) -> 12.587413 | AM34: 0.7 | AN34: 03:30 | AV34: Recovery | AW34: =INDEX('Nike pace chart'!$BO$9:$BO$16,MATCH('Nike training program_10k'!AV34,'Nike pace chart'!$BY$9:$BY$16,0)) -> 05:39 | AX34: =3600/(_xlfn.TEXTBEFORE(AW34,":")*60+_xlfn.TEXTAFTER(AW34,":")) -> 10.619469 | AY34: 0.25 | AZ34: 01:30 | BC34: 0.003587963 | BD34: =3600/(MINUTE(BC34)*60+SECOND(BC34)) -> 11.612903 | BE34: 1
B35: W-6 | I35: Recovery | J35: =INDEX('Nike pace chart'!$BO$9:$BO$16,MATCH('Nike training program_10k'!I35,'Nike pace chart'!$BY$9:$BY$16,0)) -> 05:39 | K35: =INDEX('Nike pace chart'!$BV$9:$BV$16,MATCH('Nike training program_10k'!I35,'Nike pace chart'!$BY$9:$BY$16,0))/1000*1 -> 0.18 | L35: 01:00 | R35: 3 | S35: 5k | T35: =INDEX('Nike pace chart'!$BO$9:$BO$16,MATCH('Nike training program_10k'!S35,'Nike pace chart'!$BY$9:$BY$16,0)) -> 04:37 | U35: =INDEX('Nike pace chart'!$BV$9:$BV$16,MATCH('Nike training program_10k'!S35,'Nike pace chart'!$BY$9:$BY$16,0))/1000*1 -> 0.22 | V35: 01:00 | AJ35: Recovery | AK35: =INDEX('Nike pace chart'!$BO$9:$BO$16,MATCH('Nike training program_10k'!AJ35,'Nike pace chart'!$BY$9:$BY$16,0)) -> 05:39 | AL35: =3600/(_xlfn.TEXTBEFORE(AK35,":")*60+_xlfn.TEXTAFTER(AK35,":")) -> 10.619469 | AM35: 0.15 | AN35: 01:00 | AU35: 2 | AV35: 5k | AW35: =INDEX('Nike pace chart'!$BO$9:$BO$16,MATCH('Nike training program_10k'!AV35,'Nike pace chart'!$BY$9:$BY$16,0)) -> 04:37 | AX35: =3600/(_xlfn.TEXTBEFORE(AW35,":")*60+_xlfn.TEXTAFTER(AW35,":")) -> 12.99639 | AY35: 0.3 | AZ35: 01:00 | BC35: 0.0034722222 | BD35: =3600/(MINUTE(BC35)*60+SECOND(BC35)) -> 12 | BE35: 1
B36: W-6 | H36: 2 | I36: 5k | J36: =INDEX('Nike pace chart'!$BO$9:$BO$16,MATCH('Nike training program_10k'!I36,'Nike pace chart'!$BY$9:$BY$16,0)) -> 04:37 | K36: =INDEX('Nike pace chart'!$BV$9:$BV$16,MATCH('Nike training program_10k'!I36,'Nike pace chart'!$BY$9:$BY$16,0))/1000*2.5 -> 0.55 | L36: 02:30 | S36: Recovery | T36: =INDEX('Nike pace chart'!$BO$9:$BO$16,MATCH('Nike training program_10k'!S36,'Nike pace chart'!$BY$9:$BY$16,0)) -> 05:39 | U36: =INDEX('Nike pace chart'!$BV$9:$BV$16,MATCH('Nike training program_10k'!S36,'Nike pace chart'!$BY$9:$BY$16,0))/1000*1 -> 0.18 | V36: 01:00 | AI36: 2 | AJ36: 5k | AK36: =INDEX('Nike pace chart'!$BO$9:$BO$16,MATCH('Nike training program_10k'!AJ36,'Nike pace chart'!$BY$9:$BY$16,0)) -> 04:37 | AL36: =3600/(_xlfn.TEXTBEFORE(AK36,":")*60+_xlfn.TEXTAFTER(AK36,":")) -> 12.99639 | AM36: 0.5 | AN36: 02:30 | AV36: Recovery | AW36: =INDEX('Nike pace chart'!$BO$9:$BO$16,MATCH('Nike training program_10k'!AV36,'Nike pace chart'!$BY$9:$BY$16,0)) -> 05:39 | AX36: =3600/(_xlfn.TEXTBEFORE(AW36,":")*60+_xlfn.TEXTAFTER(AW36,":")) -> 10.619469 | AY36: 0.25 | AZ36: 01:00 | BC36: 0.0034722222 | BD36: =3600/(MINUTE(BC36)*60+SECOND(BC36)) -> 12 | BE36: 1
B37: W-6 | I37: Recovery | J37: =INDEX('Nike pace chart'!$BO$9:$BO$16,MATCH('Nike training program_10k'!I37,'Nike pace chart'!$BY$9:$BY$16,0)) -> 05:39 | K37: =INDEX('Nike pace chart'!$BV$9:$BV$16,MATCH('Nike training program_10k'!I37,'Nike pace chart'!$BY$9:$BY$16,0))/1000*1.5 -> 0.27 | L37: 01:30 | R37: 4 | S37: Mile | T37: =INDEX('Nike pace chart'!$BO$9:$BO$16,MATCH('Nike training program_10k'!S37,'Nike pace chart'!$BY$9:$BY$16,0)) -> 04:25 | U37: =INDEX('Nike pace chart'!$BV$9:$BV$16,MATCH('Nike training program_10k'!S37,'Nike pace chart'!$BY$9:$BY$16,0))/1000*0.5 -> 0.115 | V37: 00:30 | AJ37: Recovery | AK37: =INDEX('Nike pace chart'!$BO$9:$BO$16,MATCH('Nike training program_10k'!AJ37,'Nike pace chart'!$BY$9:$BY$16,0)) -> 05:39 | AL37: =3600/(_xlfn.TEXTBEFORE(AK37,":")*60+_xlfn.TEXTAFTER(AK37,":")) -> 10.619469 | AM37: 0.25 | AN37: 01:30 | AU37: 2 | AV37: Mile | AW37: =INDEX('Nike pace chart'!$BO$9:$BO$16,MATCH('Nike training program_10k'!AV37,'Nike pace chart'!$BY$9:$BY$16,0)) -> 04:25 | AX37: =3600/(_xlfn.TEXTBEFORE(AW37,":")*60+_xlfn.TEXTAFTER(AW37,":")) -> 13.584906 | AY37: 0.25 | AZ37: 00:30 | BC37: 0.0034722222 | BD37: =3600/(MINUTE(BC37)*60+SECOND(BC37)) -> 12 | BE37: 1
B38: W-6 | H38: 2 | I38: Mile | J38: =INDEX('Nike pace chart'!$BO$9:$BO$16,MATCH('Nike training program_10k'!I38,'Nike pace chart'!$BY$9:$BY$16,0)) -> 04:25 | K38: =INDEX('Nike pace chart'!$BV$9:$BV$16,MATCH('Nike training program_10k'!I38,'Nike pace chart'!$BY$9:$BY$16,0))/1000*1.5 -> 0.345 | L38: 01:30 | S38: Recovery | T38: =INDEX('Nike pace chart'!$BO$9:$BO$16,MATCH('Nike training program_10k'!S38,'Nike pace chart'!$BY$9:$BY$16,0)) -> 05:39 | U38: =INDEX('Nike pace chart'!$BV$9:$BV$16,MATCH('Nike training program_10k'!S38,'Nike pace chart'!$BY$9:$BY$16,0))/1000*0.5 -> 0.09 | V38: 00:30 | AI38: 2 | AJ38: Mile | AK38: =INDEX('Nike pace chart'!$BO$9:$BO$16,MATCH('Nike training program_10k'!AJ38,'Nike pace chart'!$BY$9:$BY$16,0)) -> 04:25 | AL38: =3600/(_xlfn.TEXTBEFORE(AK38,":")*60+_xlfn.TEXTAFTER(AK38,":")) -> 13.584906 | AM38: 0.35 | AN38: 01:30 | AV38: Recovery | AW38: =INDEX('Nike pace chart'!$BO$9:$BO$16,MATCH('Nike training program_10k'!AV38,'Nike pace chart'!$BY$9:$BY$16,0)) -> 05:39 | AX38: =3600/(_xlfn.TEXTBEFORE(AW38,":")*60+_xlfn.TEXTAFTER(AW38,":")) -> 10.619469 | AY38: 0.15 | AZ38: 00:30 | BC38: 0.0033564815 | BD38: =3600/(MINUTE(BC38)*60+SECOND(BC38)) -> 12.413793 | BE38: 1
B39: W-6 | I39: Recovery | J39: =INDEX('Nike pace chart'!$BO$9:$BO$16,MATCH('Nike training program_10k'!I39,'Nike pace chart'!$BY$9:$BY$16,0)) -> 05:39 | K39: =INDEX('Nike pace chart'!$BV$9:$BV$16,MATCH('Nike training program_10k'!I39,'Nike pace chart'!$BY$9:$BY$16,0))/1000*2 -> 0.36 | L39: 02:00 | R39: 5 | S39: Best | T39: =INDEX('Nike pace chart'!$BO$9:$BO$16,MATCH('Nike training program_10k'!S39,'Nike pace chart'!$BY$9:$BY$16,0)) -> 04:13 | U39: =INDEX('Nike pace chart'!$BV$9:$BV$16,MATCH('Nike training program_10k'!S39,'Nike pace chart'!$BY$9:$BY$16,0))/1000*0.25 -> 0.06 | V39: 00:15 | AJ39: Recovery | AK39: =INDEX('Nike pace chart'!$BO$9:$BO$16,MATCH('Nike training program_10k'!AJ39,'Nike pace chart'!$BY$9:$BY$16,0)) -> 05:39 | AL39: =3600/(_xlfn.TEXTBEFORE(AK39,":")*60+_xlfn.TEXTAFTER(AK39,":")) -> 10.619469 | AM39: 0.35 | AN39: 02:00 | AU39: 2 | AV39: Best | AW39: =INDEX('Nike pace chart'!$BO$9:$BO$16,MATCH('Nike training program_10k'!AV39,'Nike pace chart'!$BY$9:$BY$16,0)) -> 04:13 | AX39: =3600/(_xlfn.TEXTBEFORE(AW39,":")*60+_xlfn.TEXTAFTER(AW39,":")) -> 14.229249 | AY39: 0.15 | AZ39: 00:15 | BC39: 0.0033564815 | BD39: =3600/(MINUTE(BC39)*60+SECOND(BC39)) -> 12.413793 | BE39: 0.5
B40: W-6 | H40: 1 | I40: Best | J40: =INDEX('Nike pace chart'!$BO$9:$BO$16,MATCH('Nike training program_10k'!I40,'Nike pace chart'!$BY$9:$BY$16,0)) -> 04:13 | K40: =INDEX('Nike pace chart'!$BV$9:$BV$16,MATCH('Nike training program_10k'!I40,'Nike pace chart'!$BY$9:$BY$16,0))/1000*0.5 -> 0.12 | L40: 00:30 | S40: Recovery | T40: =INDEX('Nike pace chart'!$BO$9:$BO$16,MATCH('Nike training program_10k'!S40,'Nike pace chart'!$BY$9:$BY$16,0)) -> 05:39 | U40: =INDEX('Nike pace chart'!$BV$9:$BV$16,MATCH('Nike training program_10k'!S40,'Nike pace chart'!$BY$9:$BY$16,0))/1000*0.25 -> 0.045 | V40: 00:15 | AI40: 1 | AJ40: Best | AK40: =INDEX('Nike pace chart'!$BO$9:$BO$16,MATCH('Nike training program_10k'!AJ40,'Nike pace chart'!$BY$9:$BY$16,0)) -> 04:13 | AL40: =3600/(_xlfn.TEXTBEFORE(AK40,":")*60+_xlfn.TEXTAFTER(AK40,":")) -> 14.229249 | AM40: 0.1 | AN40: 00:30 | AV40: Recovery | AW40: =INDEX('Nike pace chart'!$BO$9:$BO$16,MATCH('Nike training program_10k'!AV40,'Nike pace chart'!$BY$9:$BY$16,0)) -> 05:39 | AX40: =3600/(_xlfn.TEXTBEFORE(AW40,":")*60+_xlfn.TEXTAFTER(AW40,":")) -> 10.619469 | AY40: 0.1 | AZ40: 00:15
B41: W-5 | C41: 1 | D41: Recovery | E41: =INDEX('Nike pace chart'!$BO$9:$BO$16,MATCH('Nike training program_10k'!D41,'Nike pace chart'!$BY$9:$BY$16,0)) -> 05:39 | F41: =INDEX('Nike pace chart'!$BV$9:$BV$16,MATCH('Nike training program_10k'!D41,'Nike pace chart'!$BY$9:$BY$16,0))/1000*40 -> 7.2 | G41: 40:00 | H41: 1 | I41: Warm-up | J41: - | K41: - | L41: 07:00 | M41: 1 | N41: Recovery | O41: =INDEX('Nike pace chart'!$BO$9:$BO$16,MATCH('Nike training program_10k'!N41,'Nike pace chart'!$BY$9:$BY$16,0)) -> 05:39 | P41: =INDEX('Nike pace chart'!$BV$9:$BV$16,MATCH('Nike training program_10k'!N41,'Nike pace chart'!$BY$9:$BY$16,0))/1000*35 -> 6.3 | Q41: 35:00 | R41: 1 | S41: Warm-up | T41: - | U41: - | V41: 07:00 | W41: 1 | X41: Mile | Y41: =INDEX('Nike pace chart'!$BO$9:$BO$16,MATCH('Nike training program_10k'!X41,'Nike pace chart'!$BY$9:$BY$16,0)) -> 04:25 | Z41: 8 | AA41: - | AC41: 1 | AD41: Recovery | AE41: 06:06 | AF41: =3600/(_xlfn.TEXTBEFORE(AE41,":")*60+_xlfn.TEXTAFTER(AE41,":")) -> 9.8360656 | AG41: 6.4 | AI41: 1 | AJ41: Warm-up | AK41: - | AM41: - | AN41: 07:00 | AO41: 1 | AP41: Recovery | AQ41: 06:06 | AR41: =3600/(_xlfn.TEXTBEFORE(AQ41,":")*60+_xlfn.TEXTAFTER(AQ41,":")) -> 9.8360656 | AS41: 5.6 | AU41: 1 | AV41: Warm-up | AW41: - | AY41: 5.4 | AZ41: 07:00 | BA41: 1 | BB41: Mile | BC41: 0.0038194444 | BD41: =3600/(MINUTE(BC41)*60+SECOND(BC41)) -> 10.909091 | BE41: 1 | BF41: -
B42: W-5 | H42: 1 | I42: Tempo | J42: =INDEX('Nike pace chart'!$BO$9:$BO$16,MATCH('Nike training program_10k'!I42,'Nike pace chart'!$BY$9:$BY$16,0)) -> 04:59 | K42: =INDEX('Nike pace chart'!$BV$9:$BV$16,MATCH('Nike training program_10k'!I42,'Nike pace chart'!$BY$9:$BY$16,0))/1000*25 -> 5 | L42: 25:00 | R42: 3 | S42: 5k | T42: =INDEX('Nike pace chart'!$BO$9:$BO$16,MATCH('Nike training program_10k'!S42,'Nike pace chart'!$BY$9:$BY$16,0)) -> 04:37 | U42: =INDEX('Nike pace chart'!$BV$9:$BV$16,MATCH('Nike training program_10k'!S42,'Nike pace chart'!$BY$9:$BY$16,0))/1000*2 -> 0.44 | V42: 02:00 | AI42: 1 | AJ42: Tempo | AK42: 0.0038194444 | AL42: =3600/(MINUTE(AK42)*60+SECOND(AK42)) -> 10.909091 | AM42: 1 | AU42: 3 | AV42: 5k | AW42: =INDEX('Nike pace chart'!$BO$9:$BO$16,MATCH('Nike training program_10k'!AV42,'Nike pace chart'!$BY$9:$BY$16,0)) -> 04:37 | AX42: =3600/(_xlfn.TEXTBEFORE(AW42,":")*60+_xlfn.TEXTAFTER(AW42,":")) -> 12.99639 | AY42: 0.4 | AZ42: 02:00 | BC42: 0.0037037037 | BD42: =3600/(MINUTE(BC42)*60+SECOND(BC42)) -> 11.25 | BE42: 1
B43: W-5 | S43: Recovery | T43: =INDEX('Nike pace chart'!$BO$9:$BO$16,MATCH('Nike training program_10k'!S43,'Nike pace chart'!$BY$9:$BY$16,0)) -> 05:39 | U43: =INDEX('Nike pace chart'!$BV$9:$BV$16,MATCH('Nike training program_10k'!S43,'Nike pace chart'!$BY$9:$BY$16,0))/1000*1 -> 0.18 | V43: 01:00 | AK43: 0.0038194444 | AL43: =3600/(MINUTE(AK43)*60+SECOND(AK43)) -> 10.909091 | AM43: 1 | AV43: Recovery | AW43: =INDEX('Nike pace chart'!$BO$9:$BO$16,MATCH('Nike training program_10k'!AV43,'Nike pace chart'!$BY$9:$BY$16,0)) -> 05:39 | AX43: =3600/(_xlfn.TEXTBEFORE(AW43,":")*60+_xlfn.TEXTAFTER(AW43,":")) -> 10.619469 | AY43: 0.15 | AZ43: 01:00 | BC43: 0.0037037037 | BD43: =3600/(MINUTE(BC43)*60+SECOND(BC43)) -> 11.25 | BE43: 1
B44: W-5 | R44: 1 | S44: Tempo | T44: =INDEX('Nike pace chart'!$BO$9:$BO$16,MATCH('Nike training program_10k'!S44,'Nike pace chart'!$BY$9:$BY$16,0)) -> 04:59 | U44: =INDEX('Nike pace chart'!$BV$9:$BV$16,MATCH('Nike training program_10k'!S44,'Nike pace chart'!$BY$9:$BY$16,0))/1000*10 -> 2 | V44: 10:00 | AK44: 0.0037037037 | AL44: =3600/(MINUTE(AK44)*60+SECOND(AK44)) -> 11.25 | AM44: 1 | AU44: 1 | AV44: Tempo | AW44: =INDEX('Nike pace chart'!$BO$9:$BO$16,MATCH('Nike training program_10k'!AV44,'Nike pace chart'!$BY$9:$BY$16,0)) -> 04:59 | AX44: =3600/(_xlfn.TEXTBEFORE(AW44,":")*60+_xlfn.TEXTAFTER(AW44,":")) -> 12.040134 | AY44: =INDEX('Nike pace chart'!$BV$9:$BV$16,MATCH('Nike training program_10k'!AV44,'Nike pace chart'!$BY$9:$BY$16,0))/1000*10 -> 2 | AZ44: 10:00 | BC44: 0.003587963 | BD44: =3600/(MINUTE(BC44)*60+SECOND(BC44)) -> 11.612903 | BE44: 1
B45: W-5 | S45: Recovery | T45: =INDEX('Nike pace chart'!$BO$9:$BO$16,MATCH('Nike training program_10k'!S45,'Nike pace chart'!$BY$9:$BY$16,0)) -> 05:39 | U45: =INDEX('Nike pace chart'!$BV$9:$BV$16,MATCH('Nike training program_10k'!S45,'Nike pace chart'!$BY$9:$BY$16,0))/1000*2 -> 0.36 | V45: 02:00 | AK45: 0.0037037037 | AL45: =3600/(MINUTE(AK45)*60+SECOND(AK45)) -> 11.25 | AM45: 1 | AV45: Recovery | AW45: =INDEX('Nike pace chart'!$BO$9:$BO$16,MATCH('Nike training program_10k'!AV45,'Nike pace chart'!$BY$9:$BY$16,0)) -> 05:39 | AX45: =3600/(_xlfn.TEXTBEFORE(AW45,":")*60+_xlfn.TEXTAFTER(AW45,":")) -> 10.619469 | AY45: 0.3 | AZ45: 02:00 | BC45: 0.003587963 | BD45: =3600/(MINUTE(BC45)*60+SECOND(BC45)) -> 11.612903 | BE45: 1
B46: W-5 | R46: 3 | S46: 5k | T46: =INDEX('Nike pace chart'!$BO$9:$BO$16,MATCH('Nike training program_10k'!S46,'Nike pace chart'!$BY$9:$BY$16,0)) -> 04:37 | U46: =INDEX('Nike pace chart'!$BV$9:$BV$16,MATCH('Nike training program_10k'!S46,'Nike pace chart'!$BY$9:$BY$16,0))/1000*2 -> 0.44 | V46: 02:00 | AK46: 0.003587963 | AL46: =3600/(MINUTE(AK46)*60+SECOND(AK46)) -> 11.612903 | AM46: 0.5 | AU46: 3 | AV46: 5k | AW46: =INDEX('Nike pace chart'!$BO$9:$BO$16,MATCH('Nike training program_10k'!AV46,'Nike pace chart'!$BY$9:$BY$16,0)) -> 04:37 | AX46: =3600/(_xlfn.TEXTBEFORE(AW46,":")*60+_xlfn.TEXTAFTER(AW46,":")) -> 12.99639 | AY46: 0.4 | AZ46: 02:00 | BC46: 0.0034722222 | BD46: =3600/(MINUTE(BC46)*60+SECOND(BC46)) -> 12 | BE46: 1
AV47: Recovery | AW47: =INDEX('Nike pace chart'!$BO$9:$BO$16,MATCH('Nike training program_10k'!AV47,'Nike pace chart'!$BY$9:$BY$16,0)) -> 05:39 | AX47: =3600/(_xlfn.TEXTBEFORE(AW47,":")*60+_xlfn.TEXTAFTER(AW47,":")) -> 10.619469 | AY47: 0.15 | AZ47: 01:00 | BC47: 0.0034722222 | BD47: =3600/(MINUTE(BC47)*60+SECOND(BC47)) -> 12 | BE47: 1
B48: W-5 | S48: Recovery | T48: =INDEX('Nike pace chart'!$BO$9:$BO$16,MATCH('Nike training program_10k'!S48,'Nike pace chart'!$BY$9:$BY$16,0)) -> 05:39 | U48: =INDEX('Nike pace chart'!$BV$9:$BV$16,MATCH('Nike training program_10k'!S48,'Nike pace chart'!$BY$9:$BY$16,0))/1000*1 -> 0.18 | V48: 01:00 | BC48: 0.0034722222 | BD48: =3600/(MINUTE(BC48)*60+SECOND(BC48)) -> 12 | BE48: 1
B49: W-4 | C49: 1 | D49: Recovery | E49: =INDEX('Nike pace chart'!$BO$9:$BO$16,MATCH('Nike training program_10k'!D49,'Nike pace chart'!$BY$9:$BY$16,0)) -> 05:39 | F49: =INDEX('Nike pace chart'!$BV$9:$BV$16,MATCH('Nike training program_10k'!D49,'Nike pace chart'!$BY$9:$BY$16,0))/1000*40 -> 7.2 | G49: 40:00 | H49: 1 | I49: Warm-up | J49: - | K49: - | L49: 05:00 | M49: 1 | N49: Recovery | O49: =INDEX('Nike pace chart'!$BO$9:$BO$16,MATCH('Nike training program_10k'!N49,'Nike pace chart'!$BY$9:$BY$16,0)) -> 05:39 | P49: =INDEX('Nike pace chart'!$BV$9:$BV$16,MATCH('Nike training program_10k'!N49,'Nike pace chart'!$BY$9:$BY$16,0))/1000*30 -> 5.4 | Q49: 30:00 | R49: 1 | S49: Warm-up | T49: - | U49: - | V49: 05:00 | W49: 1 | X49: Mile | Y49: =INDEX('Nike pace chart'!$BO$9:$BO$16,MATCH('Nike training program_10k'!X49,'Nike pace chart'!$BY$9:$BY$16,0)) -> 04:25 | Z49: 10 | AA49: - | AC49: 1 | AD49: Recovery | AE49: 06:06 | AF49: =3600/(_xlfn.TEXTBEFORE(AE49,":")*60+_xlfn.TEXTAFTER(AE49,":")) -> 9.8360656 | AG49: 6.4 | AI49: 1 | AJ49: Warm-up | AK49: - | AM49: - | AN49: 05:00 | AO49: 1 | AP49: Recovery | AQ49: 06:06 | AR49: =3600/(_xlfn.TEXTBEFORE(AQ49,":")*60+_xlfn.TEXTAFTER(AQ49,":")) -> 9.8360656 | AS49: 4.8 | AU49: 3x | AV49: Warm-up | AW49: - | AY49: - | AZ49: 05:00 | BA49: 1 | BB49: Mile | BC49: 0.0040509259 | BD49: =3600/(MINUTE(BC49)*60+SECOND(BC49)) -> 10.285714 | BE49: 1 | BF49: -
B50: W-4 | H50: 1 | I50: Tempo | J50: =INDEX('Nike pace chart'!$BO$9:$BO$16,MATCH('Nike training program_10k'!I50,'Nike pace chart'!$BY$9:$BY$16,0)) -> 04:59 | K50: =INDEX('Nike pace chart'!$BV$9:$BV$16,MATCH('Nike training program_10k'!I50,'Nike pace chart'!$BY$9:$BY$16,0))/1000*12 -> 2.4 | L50: 12:00 | R50: 1 | S50: 5k | T50: =INDEX('Nike pace chart'!$BO$9:$BO$16,MATCH('Nike training program_10k'!S50,'Nike pace chart'!$BY$9:$BY$16,0)) -> 04:37 | U50: =INDEX('Nike pace chart'!$BV$9:$BV$16,MATCH('Nike training program_10k'!S50,'Nike pace chart'!$BY$9:$BY$16,0))/1000*2 -> 0.44 | V50: 02:00 | AI50: 1 | AJ50: Tempo | AK50: 0.0039351852 | AL50: =3600/(MINUTE(AK50)*60+SECOND(AK50)) -> 10.588235 | AM50: 1 | AU50: 1 | AV50: 5k | AW50: =INDEX('Nike pace chart'!$BO$9:$BO$16,MATCH('Nike training program_10k'!AV50,'Nike pace chart'!$BY$9:$BY$16,0)) -> 04:37 | AX50: =3600/(_xlfn.TEXTBEFORE(AW50,":")*60+_xlfn.TEXTAFTER(AW50,":")) -> 12.99639 | AY50: 0.4 | AZ50: 02:00 | BC50: 0.0040509259 | BD50: =3600/(MINUTE(BC50)*60+SECOND(BC50)) -> 10.285714 | BE50: 1
B51: W-4 | H51: 1 | I51: Tempo | J51: =INDEX('Nike pace chart'!$BO$9:$BO$16,MATCH('Nike training program_10k'!I51,'Nike pace chart'!$BY$9:$BY$16,0)) -> 04:59 | K51: =INDEX('Nike pace chart'!$BV$9:$BV$16,MATCH('Nike training program_10k'!I51,'Nike pace chart'!$BY$9:$BY$16,0))/1000*11 -> 2.2 | L51: 11:00 | S51: Recovery | T51: =INDEX('Nike pace chart'!$BO$9:$BO$16,MATCH('Nike training program_10k'!S51,'Nike pace chart'!$BY$9:$BY$16,0)) -> 05:39 | U51: =INDEX('Nike pace chart'!$BV$9:$BV$16,MATCH('Nike training program_10k'!S51,'Nike pace chart'!$BY$9:$BY$16,0))/1000*1 -> 0.18 | V51: 01:00 | AK51: 0.0038194444 | AL51: =3600/(MINUTE(AK51)*60+SECOND(AK51)) -> 10.909091 | AM51: 1 | AV51: Recovery | AW51: =INDEX('Nike pace chart'!$BO$9:$BO$16,MATCH('Nike training program_10k'!AV51,'Nike pace chart'!$BY$9:$BY$16,0)) -> 05:39 | AX51: =3600/(_xlfn.TEXTBEFORE(AW51,":")*60+_xlfn.TEXTAFTER(AW51,":")) -> 10.619469 | AY51: 0.15 | AZ51: 01:00 | BC51: 0.0039351852 | BD51: =3600/(MINUTE(BC51)*60+SECOND(BC51)) -> 10.588235 | BE51: 1
B52: W-4 | R52: 1 | S52: Mile | T52: =INDEX('Nike pace chart'!$BO$9:$BO$16,MATCH('Nike training program_10k'!S52,'Nike pace chart'!$BY$9:$BY$16,0)) -> 04:25 | U52: =INDEX('Nike pace chart'!$BV$9:$BV$16,MATCH('Nike training program_10k'!S52,'Nike pace chart'!$BY$9:$BY$16,0))/1000*1 -> 0.23 | V52: 01:00 | AK52: 0.0037037037 | AL52: =3600/(MINUTE(AK52)*60+SECOND(AK52)) -> 11.25 | AM52: 1 | AU52: 1 | AV52: Mile | AW52: =INDEX('Nike pace chart'!$BO$9:$BO$16,MATCH('Nike training program_10k'!AV52,'Nike pace chart'!$BY$9:$BY$16,0)) -> 04:25 | AX52: =3600/(_xlfn.TEXTBEFORE(AW52,":")*60+_xlfn.TEXTAFTER(AW52,":")) -> 13.584906 | AY52: 0.2 | AZ52: 01:00 | BC52: 0.0039351852 | BD52: =3600/(MINUTE(BC52)*60+SECOND(BC52)) -> 10.588235 | BE52: 1
B53: W-4 | S53: Recovery | T53: =INDEX('Nike pace chart'!$BO$9:$BO$16,MATCH('Nike training program_10k'!S53,'Nike pace chart'!$BY$9:$BY$16,0)) -> 05:39 | U53: =INDEX('Nike pace chart'!$BV$9:$BV$16,MATCH('Nike training program_10k'!S53,'Nike pace chart'!$BY$9:$BY$16,0))/1000*0.5 -> 0.09 | V53: 00:30 | AK53: 0.003587963 | AL53: =3600/(MINUTE(AK53)*60+SECOND(AK53)) -> 11.612903 | AM53: 1 | AV53: Recovery | AW53: =INDEX('Nike pace chart'!$BO$9:$BO$16,MATCH('Nike training program_10k'!AV53,'Nike pace chart'!$BY$9:$BY$16,0)) -> 05:39 | AX53: =3600/(_xlfn.TEXTBEFORE(AW53,":")*60+_xlfn.TEXTAFTER(AW53,":")) -> 10.619469 | AY53: 0.1 | AZ53: 00:30 | BC53: 0.0038194444 | BD53: =3600/(MINUTE(BC53)*60+SECOND(BC53)) -> 10.909091 | BE53: 1
B54: W-4 | R54: 1 | S54: Best | T54: =INDEX('Nike pace chart'!$BO$9:$BO$16,MATCH('Nike training program_10k'!S54,'Nike pace chart'!$BY$9:$BY$16,0)) -> 04:13 | U54: =INDEX('Nike pace chart'!$BV$9:$BV$16,MATCH('Nike training program_10k'!S54,'Nike pace chart'!$BY$9:$BY$16,0))/1000*0.25 -> 0.06 | V54: 00:15 | AU54: 1 | AV54: Best | AW54: =INDEX('Nike pace chart'!$BO$9:$BO$16,MATCH('Nike training program_10k'!AV54,'Nike pace chart'!$BY$9:$BY$16,0)) -> 04:13 | AX54: =3600/(_xlfn.TEXTBEFORE(AW54,":")*60+_xlfn.TEXTAFTER(AW54,":")) -> 14.229249 | AY54: 0.15 | AZ54: 00:15 | BC54: 0.0038194444 | BD54: =3600/(MINUTE(BC54)*60+SECOND(BC54)) -> 10.909091 | BE54: 1
B55: W-4 | S55: Recovery | T55: =INDEX('Nike pace chart'!$BO$9:$BO$16,MATCH('Nike training program_10k'!S55,'Nike pace chart'!$BY$9:$BY$16,0)) -> 05:39 | U55: =INDEX('Nike pace chart'!$BV$9:$BV$16,MATCH('Nike training program_10k'!S55,'Nike pace chart'!$BY$9:$BY$16,0))/1000*0.5 -> 0.09 | V55: 00:30 | AV55: Recovery | AW55: =INDEX('Nike pace chart'!$BO$9:$BO$16,MATCH('Nike training program_10k'!AV55,'Nike pace chart'!$BY$9:$BY$16,0)) -> 05:39 | AX55: =3600/(_xlfn.TEXTBEFORE(AW55,":")*60+_xlfn.TEXTAFTER(AW55,":")) -> 10.619469 | AY55: 0.4 | AZ55: 00:30 | BC55: 0.0037037037 | BD55: =3600/(MINUTE(BC55)*60+SECOND(BC55)) -> 11.25 | BE55: 1
B56: W-4 | R56: 1 | S56: Best | T56: =INDEX('Nike pace chart'!$BO$9:$BO$16,MATCH('Nike training program_10k'!S56,'Nike pace chart'!$BY$9:$BY$16,0)) -> 04:13 | U56: =INDEX('Nike pace chart'!$BV$9:$BV$16,MATCH('Nike training program_10k'!S56,'Nike pace chart'!$BY$9:$BY$16,0))/1000*0.25 -> 0.06 | V56: 00:15 | BC56: 0.0037037037 | BD56: =3600/(MINUTE(BC56)*60+SECOND(BC56)) -> 11.25 | BE56: 1
B57: W-4 | S57: Recovery | T57: =INDEX('Nike pace chart'!$BO$9:$BO$16,MATCH('Nike training program_10k'!S57,'Nike pace chart'!$BY$9:$BY$16,0)) -> 05:39 | U57: =INDEX('Nike pace chart'!$BV$9:$BV$16,MATCH('Nike training program_10k'!S57,'Nike pace chart'!$BY$9:$BY$16,0))/1000*2 -> 0.36 | V57: 02:00 | BC57: 0.003587963 | BD57: =3600/(MINUTE(BC57)*60+SECOND(BC57)) -> 11.612903 | BE57: 1
B58: W-4 | R58: 3 sets | BC58: 0.003587963 | BD58: =3600/(MINUTE(BC58)*60+SECOND(BC58)) -> 11.612903 | BE58: 1
B59: W-3 | C59: 1 | D59: Recovery | E59: =INDEX('Nike pace chart'!$BO$9:$BO$16,MATCH('Nike training program_10k'!D59,'Nike pace chart'!$BY$9:$BY$16,0)) -> 05:39 | F59: =INDEX('Nike pace chart'!$BV$9:$BV$16,MATCH('Nike training program_10k'!D59,'Nike pace chart'!$BY$9:$BY$16,0))/1000*31 -> 5.58 | G59: 31:00 | H59: 1 | I59: Warm-up | J59: - | K59: - | L59: 05:00 | M59: 1 | N59: Recovery | O59: =INDEX('Nike pace chart'!$BO$9:$BO$16,MATCH('Nike training program_10k'!N59,'Nike pace chart'!$BY$9:$BY$16,0)) -> 05:39 | P59: =INDEX('Nike pace chart'!$BV$9:$BV$16,MATCH('Nike training program_10k'!N59,'Nike pace chart'!$BY$9:$BY$16,0))/1000*50 -> 9 | Q59: 50:00 | R59: 1 | S59: Warm-up | T59: - | U59: - | V59: 07:00 | W59: 1 | X59: Mile | Y59: =INDEX('Nike pace chart'!$BO$9:$BO$16,MATCH('Nike training program_10k'!X59,'Nike pace chart'!$BY$9:$BY$16,0)) -> 04:25 | Z59: 11.25 | AA59: - | AC59: 1 | AD59: Recovery | AE59: 06:06 | AF59: =3600/(_xlfn.TEXTBEFORE(AE59,":")*60+_xlfn.TEXTAFTER(AE59,":")) -> 9.8360656 | AG59: 5 | AI59: 1 | AJ59: Hill | AK59: - | AM59: - | AN59: 05:00 | AO59: 1 | AP59: Recovery | AQ59: 06:06 | AR59: =3600/(_xlfn.TEXTBEFORE(AQ59,":")*60+_xlfn.TEXTAFTER(AQ59,":")) -> 9.8360656 | AS59: 8 | AU59: 1 | AV59: Warm-up | AW59: - | AY59: - | BA59: 1 | BB59: Mile | BE59: 11.3 | BF59: -
B60: W-3 | H60: 1 | I60: 10k | J60: =INDEX('Nike pace chart'!$BO$9:$BO$16,MATCH('Nike training program_10k'!I60,'Nike pace chart'!$BY$9:$BY$16,0)) -> 04:46 | K60: =INDEX('Nike pace chart'!$BV$9:$BV$16,MATCH('Nike training program_10k'!I60,'Nike pace chart'!$BY$9:$BY$16,0))/1000*1 -> 0.21 | L60: 01:00 | R60: 1 | S60: Tempo | T60: =INDEX('Nike pace chart'!$BO$9:$BO$16,MATCH('Nike training program_10k'!S60,'Nike pace chart'!$BY$9:$BY$16,0)) -> 04:59 | U60: =INDEX('Nike pace chart'!$BV$9:$BV$16,MATCH('Nike training program_10k'!S60,'Nike pace chart'!$BY$9:$BY$16,0))/1000*20 -> 4 | V60: 20:00 | AI60: 1 | AJ60: 10k | AK60: =INDEX('Nike pace chart'!$BO$9:$BO$16,MATCH('Nike training program_10k'!AJ60,'Nike pace chart'!$BY$9:$BY$16,0)) -> 04:46 | AL60: =3600/(_xlfn.TEXTBEFORE(AK60,":")*60+_xlfn.TEXTAFTER(AK60,":")) -> 12.587413 | AM60: 0.2 | AN60: 01:00 | AU60: 1 | AV60: Tempo | AW60: 0.0039351852 | AX60: =3600/(MINUTE(AW60)*60+SECOND(AW60)) -> 10.588235 | AY60: 1
B61: W-3 | I61: Recovery | J61: =INDEX('Nike pace chart'!$BO$9:$BO$16,MATCH('Nike training program_10k'!I61,'Nike pace chart'!$BY$9:$BY$16,0)) -> 05:39 | K61: =INDEX('Nike pace chart'!$BV$9:$BV$16,MATCH('Nike training program_10k'!I61,'Nike pace chart'!$BY$9:$BY$16,0))/1000*2 -> 0.36 | L61: 02:00 | AJ61: Recovery | AK61: =INDEX('Nike pace chart'!$BO$9:$BO$16,MATCH('Nike training program_10k'!AJ61,'Nike pace chart'!$BY$9:$BY$16,0)) -> 05:39 | AL61: =3600/(_xlfn.TEXTBEFORE(AK61,":")*60+_xlfn.TEXTAFTER(AK61,":")) -> 10.619469 | AM61: 0.3 | AN61: 02:00 | AW61: 0.0038194444 | AX61: =3600/(MINUTE(AW61)*60+SECOND(AW61)) -> 10.909091 | AY61: 1
B62: W-3 | H62: 1 | I62: 5k | J62: =INDEX('Nike pace chart'!$BO$9:$BO$16,MATCH('Nike training program_10k'!I62,'Nike pace chart'!$BY$9:$BY$16,0)) -> 04:37 | K62: =INDEX('Nike pace chart'!$BV$9:$BV$16,MATCH('Nike training program_10k'!I62,'Nike pace chart'!$BY$9:$BY$16,0))/1000*0.75 -> 0.165 | L62: 00:45 | AI62: 1 | AJ62: 5k | AK62: =INDEX('Nike pace chart'!$BO$9:$BO$16,MATCH('Nike training program_10k'!AJ62,'Nike pace chart'!$BY$9:$BY$16,0)) -> 04:37 | AL62: =3600/(_xlfn.TEXTBEFORE(AK62,":")*60+_xlfn.TEXTAFTER(AK62,":")) -> 12.99639 | AM62: 0.15 | AN62: 00:45 | AW62: 0.0037037037 | AX62: =3600/(MINUTE(AW62)*60+SECOND(AW62)) -> 11.25 | AY62: 1
B63: W-3 | I63: Recovery | J63: =INDEX('Nike pace chart'!$BO$9:$BO$16,MATCH('Nike training program_10k'!I63,'Nike pace chart'!$BY$9:$BY$16,0)) -> 05:39 | K63: =INDEX('Nike pace chart'!$BV$9:$BV$16,MATCH('Nike training program_10k'!I63,'Nike pace chart'!$BY$9:$BY$16,0))/1000*1.5 -> 0.27 | L63: 01:30 | AJ63: Recovery | AK63: =INDEX('Nike pace chart'!$BO$9:$BO$16,MATCH('Nike training program_10k'!AJ63,'Nike pace chart'!$BY$9:$BY$16,0)) -> 05:39 | AL63: =3600/(_xlfn.TEXTBEFORE(AK63,":")*60+_xlfn.TEXTAFTER(AK63,":")) -> 10.619469 | AM63: 0.2 | AN63: 01:30 | AW63: 0.003587963 | AX63: =3600/(MINUTE(AW63)*60+SECOND(AW63)) -> 11.612903 | AY63: 0.6
B64: W-3 | H64: 1 | I64: Mile | J64: =INDEX('Nike pace chart'!$BO$9:$BO$16,MATCH('Nike training program_10k'!I64,'Nike pace chart'!$BY$9:$BY$16,0)) -> 04:25 | K64: =INDEX('Nike pace chart'!$BV$9:$BV$16,MATCH('Nike training program_10k'!I64,'Nike pace chart'!$BY$9:$BY$16,0))/1000*0.5 -> 0.115 | L64: 00:30 | AI64: 1 | AJ64: Mile | AK64: =INDEX('Nike pace chart'!$BO$9:$BO$16,MATCH('Nike training program_10k'!AJ64,'Nike pace chart'!$BY$9:$BY$16,0)) -> 04:25 | AL64: =3600/(_xlfn.TEXTBEFORE(AK64,":")*60+_xlfn.TEXTAFTER(AK64,":")) -> 13.584906 | AM64: 0.1 | AN64: 00:30
AJ65: Recovery | AK65: =INDEX('Nike pace chart'!$BO$9:$BO$16,MATCH('Nike training program_10k'!AJ65,'Nike pace chart'!$BY$9:$BY$16,0)) -> 05:39 | AL65: =3600/(_xlfn.TEXTBEFORE(AK65,":")*60+_xlfn.TEXTAFTER(AK65,":")) -> 10.619469 | AM65: 0.15 | AN65: 01:00
B70: W-3 | I70: Recovery | J70: =INDEX('Nike pace chart'!$BO$9:$BO$16,MATCH('Nike training program_10k'!I70,'Nike pace chart'!$BY$9:$BY$16,0)) -> 05:39 | K70: =INDEX('Nike pace chart'!$BV$9:$BV$16,MATCH('Nike training program_10k'!I70,'Nike pace chart'!$BY$9:$BY$16,0))/1000*1 -> 0.18 | L70: 01:00
B71: W-2 | C71: 1 | D71: Recovery | E71: =INDEX('Nike pace chart'!$BO$9:$BO$16,MATCH('Nike training program_10k'!D71,'Nike pace chart'!$BY$9:$BY$16,0)) -> 05:39 | F71: =INDEX('Nike pace chart'!$BV$9:$BV$16,MATCH('Nike training program_10k'!D71,'Nike pace chart'!$BY$9:$BY$16,0))/1000*45 -> 8.1 | G71: 45:00 | H71: 1 | I71: Warm-up | J71: - | K71: - | L71: 05:00 | M71: 1 | N71: Recovery | O71: =INDEX('Nike pace chart'!$BO$9:$BO$16,MATCH('Nike training program_10k'!N71,'Nike pace chart'!$BY$9:$BY$16,0)) -> 05:39 | P71: =INDEX('Nike pace chart'!$BV$9:$BV$16,MATCH('Nike training program_10k'!N71,'Nike pace chart'!$BY$9:$BY$16,0))/1000*30 -> 5.4 | Q71: 30:00 | R71: 1 | S71: Warm-up | T71: - | U71: - | V71: 08:00 | W71: 1 | X71: Mile | Y71: =INDEX('Nike pace chart'!$BO$9:$BO$16,MATCH('Nike training program_10k'!X71,'Nike pace chart'!$BY$9:$BY$16,0)) -> 04:25 | Z71: 10 | AA71: - | AC71: 1 | AD71: Recovery | AE71: 06:06 | AF71: =3600/(_xlfn.TEXTBEFORE(AE71,":")*60+_xlfn.TEXTAFTER(AE71,":")) -> 9.8360656 | AG71: 7.2 | AI71: 1 | AJ71: Warm-up | AK71: - | AM71: - | AN71: 05:00 | AO71: 1 | AP71: Recovery | AQ71: 06:06 | AR71: =3600/(_xlfn.TEXTBEFORE(AQ71,":")*60+_xlfn.TEXTAFTER(AQ71,":")) -> 9.8360656 | AS71: 4.8 | AU71: 1 | AV71: Warm-up | AW71: - | AY71: - | AZ71: 08:00 | BA71: 1 | BB71: Mile | BC71: 0.0040509259 | BD71: =3600/(MINUTE(BC71)*60+SECOND(BC71)) -> 10.285714 | BE71: 1 | BF71: -
B72: W-2 | H72: 3 | I72: 5k | J72: =INDEX('Nike pace chart'!$BO$9:$BO$16,MATCH('Nike training program_10k'!I72,'Nike pace chart'!$BY$9:$BY$16,0)) -> 04:37 | K72: =INDEX('Nike pace chart'!$BV$9:$BV$16,MATCH('Nike training program_10k'!I72,'Nike pace chart'!$BY$9:$BY$16,0))/1000*7 -> 1.54 | L72: 07:00 | R72: 1 | S72: 10k | T72: =INDEX('Nike pace chart'!$BO$9:$BO$16,MATCH('Nike training program_10k'!S72,'Nike pace chart'!$BY$9:$BY$16,0)) -> 04:46 | U72: =INDEX('Nike pace chart'!$BV$9:$BV$16,MATCH('Nike training program_10k'!S72,'Nike pace chart'!$BY$9:$BY$16,0))/1000*3 -> 0.63 | V72: 03:00 | AI72: 3 | AJ72: 5k | AK72: =INDEX('Nike pace chart'!$BO$9:$BO$16,MATCH('Nike training program_10k'!AJ72,'Nike pace chart'!$BY$9:$BY$16,0)) -> 04:37 | AL72: =3600/(_xlfn.TEXTBEFORE(AK72,":")*60+_xlfn.TEXTAFTER(AK72,":")) -> 12.99639 | AM72: 1.4 | AN72: 07:00 | AU72: 1 | AV72: 10k | AW72: =INDEX('Nike pace chart'!$BO$9:$BO$16,MATCH('Nike training program_10k'!AV72,'Nike pace chart'!$BY$9:$BY$16,0)) -> 04:46 | AX72: =3600/(_xlfn.TEXTBEFORE(AW72,":")*60+_xlfn.TEXTAFTER(AW72,":")) -> 12.587413 | AY72: 1.5 | AZ72: 03:00 | BC72: 0.0040509259 | BD72: =3600/(MINUTE(BC72)*60+SECOND(BC72)) -> 10.285714 | BE72: 1
B73: W-2 | I73: Recovery | J73: =INDEX('Nike pace chart'!$BO$9:$BO$16,MATCH('Nike training program_10k'!I73,'Nike pace chart'!$BY$9:$BY$16,0)) -> 05:39 | K73: =INDEX('Nike pace chart'!$BV$9:$BV$16,MATCH('Nike training program_10k'!I73,'Nike pace chart'!$BY$9:$BY$16,0))/1000*2.5 -> 0.45 | L73: 02:30 | S73: Recovery | T73: =INDEX('Nike pace chart'!$BO$9:$BO$16,MATCH('Nike training program_10k'!S73,'Nike pace chart'!$BY$9:$BY$16,0)) -> 05:39 | U73: =INDEX('Nike pace chart'!$BV$9:$BV$16,MATCH('Nike training program_10k'!S73,'Nike pace chart'!$BY$9:$BY$16,0))/1000*1.5 -> 0.27 | V73: 01:30 | AJ73: Recovery | AK73: =INDEX('Nike pace chart'!$BO$9:$BO$16,MATCH('Nike training program_10k'!AJ73,'Nike pace chart'!$BY$9:$BY$16,0)) -> 05:39 | AL73: =3600/(_xlfn.TEXTBEFORE(AK73,":")*60+_xlfn.TEXTAFTER(AK73,":")) -> 10.619469 | AM73: =INDEX('Nike pace chart'!$BV$9:$BV$16,MATCH('Nike training program_10k'!AJ73,'Nike pace chart'!$BY$9:$BY$16,0))/1000*2.5 -> 0.45 | AN73: 02:30 | AV73: Recovery | AW73: =INDEX('Nike pace chart'!$BO$9:$BO$16,MATCH('Nike training program_10k'!AV73,'Nike pace chart'!$BY$9:$BY$16,0)) -> 05:39 | AX73: =3600/(_xlfn.TEXTBEFORE(AW73,":")*60+_xlfn.TEXTAFTER(AW73,":")) -> 10.619469 | AY73: 0.4 | AZ73: 01:30 | BC73: 0.0039351852 | BD73: =3600/(MINUTE(BC73)*60+SECOND(BC73)) -> 10.588235 | BE73: 1
B74: W-2 | R74: 1 | S74: Mile | T74: =INDEX('Nike pace chart'!$BO$9:$BO$16,MATCH('Nike training program_10k'!S74,'Nike pace chart'!$BY$9:$BY$16,0)) -> 04:25 | U74: =INDEX('Nike pace chart'!$BV$9:$BV$16,MATCH('Nike training program_10k'!S74,'Nike pace chart'!$BY$9:$BY$16,0))/1000*1 -> 0.23 | V74: 01:00 | AU74: 1 | AV74: Mile | AW74: =INDEX('Nike pace chart'!$BO$9:$BO$16,MATCH('Nike training program_10k'!AV74,'Nike pace chart'!$BY$9:$BY$16,0)) -> 04:25 | AX74: =3600/(_xlfn.TEXTBEFORE(AW74,":")*60+_xlfn.TEXTAFTER(AW74,":")) -> 13.584906 | AY74: 0.4 | AZ74: 01:00 | BC74: 0.0039351852 | BD74: =3600/(MINUTE(BC74)*60+SECOND(BC74)) -> 10.588235 | BE74: 1
B75: W-2 | S75: Recovery | T75: =INDEX('Nike pace chart'!$BO$9:$BO$16,MATCH('Nike training program_10k'!S75,'Nike pace chart'!$BY$9:$BY$16,0)) -> 05:39 | U75: =INDEX('Nike pace chart'!$BV$9:$BV$16,MATCH('Nike training program_10k'!S75,'Nike pace chart'!$BY$9:$BY$16,0))/1000*1 -> 0.18 | V75: 01:00 | AV75: Recovery | AW75: =INDEX('Nike pace chart'!$BO$9:$BO$16,MATCH('Nike training program_10k'!AV75,'Nike pace chart'!$BY$9:$BY$16,0)) -> 05:39 | AX75: =3600/(_xlfn.TEXTBEFORE(AW75,":")*60+_xlfn.TEXTAFTER(AW75,":")) -> 10.619469 | AY75: 0.35 | AZ75: 01:00 | BC75: 0.0038194444 | BD75: =3600/(MINUTE(BC75)*60+SECOND(BC75)) -> 10.909091 | BE75: 1
B76: W-2 | R76: 1 | S76: 5k | T76: =INDEX('Nike pace chart'!$BO$9:$BO$16,MATCH('Nike training program_10k'!S76,'Nike pace chart'!$BY$9:$BY$16,0)) -> 04:37 | U76: =INDEX('Nike pace chart'!$BV$9:$BV$16,MATCH('Nike training program_10k'!S76,'Nike pace chart'!$BY$9:$BY$16,0))/1000*2 -> 0.44 | V76: 02:00 | AU76: 1 | AV76: 5k | AW76: =INDEX('Nike pace chart'!$BO$9:$BO$16,MATCH('Nike training program_10k'!AV76,'Nike pace chart'!$BY$9:$BY$16,0)) -> 04:37 | AX76: =3600/(_xlfn.TEXTBEFORE(AW76,":")*60+_xlfn.TEXTAFTER(AW76,":")) -> 12.99639 | AY76: 0.8 | AZ76: 02:00 | BC76: 0.0038194444 | BD76: =3600/(MINUTE(BC76)*60+SECOND(BC76)) -> 10.909091 | BE76: 1
B77: W-2 | S77: Recovery | T77: =INDEX('Nike pace chart'!$BO$9:$BO$16,MATCH('Nike training program_10k'!S77,'Nike pace chart'!$BY$9:$BY$16,0)) -> 05:39 | U77: =INDEX('Nike pace chart'!$BV$9:$BV$16,MATCH('Nike training program_10k'!S77,'Nike pace chart'!$BY$9:$BY$16,0))/1000*1 -> 0.18 | V77: 01:00 | AV77: Recovery | AW77: =INDEX('Nike pace chart'!$BO$9:$BO$16,MATCH('Nike training program_10k'!AV77,'Nike pace chart'!$BY$9:$BY$16,0)) -> 05:39 | AX77: =3600/(_xlfn.TEXTBEFORE(AW77,":")*60+_xlfn.TEXTAFTER(AW77,":")) -> 10.619469 | AY77: 0.3 | AZ77: 01:00 | BC77: 0.0037037037 | BD77: =3600/(MINUTE(BC77)*60+SECOND(BC77)) -> 11.25 | BE77: 1
B78: W-2 | R78: 1 | S78: Mile | T78: =INDEX('Nike pace chart'!$BO$9:$BO$16,MATCH('Nike training program_10k'!S78,'Nike pace chart'!$BY$9:$BY$16,0)) -> 04:25 | U78: =INDEX('Nike pace chart'!$BV$9:$BV$16,MATCH('Nike training program_10k'!S78,'Nike pace chart'!$BY$9:$BY$16,0))/1000*1 -> 0.23 | V78: 01:00 | AU78: 1 | AV78: Best | AW78: =INDEX('Nike pace chart'!$BO$9:$BO$16,MATCH('Nike training program_10k'!AV78,'Nike pace chart'!$BY$9:$BY$16,0)) -> 04:13 | AX78: =3600/(_xlfn.TEXTBEFORE(AW78,":")*60+_xlfn.TEXTAFTER(AW78,":")) -> 14.229249 | AY78: 0.1 | AZ78: 01:00 | BC78: 0.0037037037 | BD78: =3600/(MINUTE(BC78)*60+SECOND(BC78)) -> 11.25 | BE78: 1
B79: W-2 | S79: Recovery | T79: =INDEX('Nike pace chart'!$BO$9:$BO$16,MATCH('Nike training program_10k'!S79,'Nike pace chart'!$BY$9:$BY$16,0)) -> 05:39 | U79: =INDEX('Nike pace chart'!$BV$9:$BV$16,MATCH('Nike training program_10k'!S79,'Nike pace chart'!$BY$9:$BY$16,0))/1000*1 -> 0.18 | V79: 01:00 | AV79: Recovery | AW79: =INDEX('Nike pace chart'!$BO$9:$BO$16,MATCH('Nike training program_10k'!AV79,'Nike pace chart'!$BY$9:$BY$16,0)) -> 05:39 | AX79: =3600/(_xlfn.TEXTBEFORE(AW79,":")*60+_xlfn.TEXTAFTER(AW79,":")) -> 10.619469 | AY79: 0.15 | AZ79: 01:00 | BC79: 0.003587963 | BD79: =3600/(MINUTE(BC79)*60+SECOND(BC79)) -> 11.612903 | BE79: 1
B80: W-2 | R80: 1 | S80: 5k | T80: =INDEX('Nike pace chart'!$BO$9:$BO$16,MATCH('Nike training program_10k'!S80,'Nike pace chart'!$BY$9:$BY$16,0)) -> 04:37 | U80: =INDEX('Nike pace chart'!$BV$9:$BV$16,MATCH('Nike training program_10k'!S80,'Nike pace chart'!$BY$9:$BY$16,0))/1000*2 -> 0.44 | V80: 02:00 | BC80: 0.003587963 | BD80: =3600/(MINUTE(BC80)*60+SECOND(BC80)) -> 11.612903 | BE80: 1
B81: W-2 | S81: Recovery | T81: =INDEX('Nike pace chart'!$BO$9:$BO$16,MATCH('Nike training program_10k'!S81,'Nike pace chart'!$BY$9:$BY$16,0)) -> 05:39 | U81: =INDEX('Nike pace chart'!$BV$9:$BV$16,MATCH('Nike training program_10k'!S81,'Nike pace chart'!$BY$9:$BY$16,0))/1000*1 -> 0.18 | V81: 01:00
B82: W-2 | R82: 1 | S82: 10k | T82: =INDEX('Nike pace chart'!$BO$9:$BO$16,MATCH('Nike training program_10k'!S82,'Nike pace chart'!$BY$9:$BY$16,0)) -> 04:46 | U82: =INDEX('Nike pace chart'!$BV$9:$BV$16,MATCH('Nike training program_10k'!S82,'Nike pace chart'!$BY$9:$BY$16,0))/1000*5 -> 1.05 | V82: 05:00
B83: W-2 | S83: Recovery | T83: =INDEX('Nike pace chart'!$BO$9:$BO$16,MATCH('Nike training program_10k'!S83,'Nike pace chart'!$BY$9:$BY$16,0)) -> 05:39 | U83: =INDEX('Nike pace chart'!$BV$9:$BV$16,MATCH('Nike training program_10k'!S83,'Nike pace chart'!$BY$9:$BY$16,0))/1000*1 -> 0.18 | V83: 01:00
B84: W-2 | R84: 1 | S84: Best | T84: =INDEX('Nike pace chart'!$BO$9:$BO$16,MATCH('Nike training program_10k'!S84,'Nike pace chart'!$BY$9:$BY$16,0)) -> 04:13 | U84: =INDEX('Nike pace chart'!$BV$9:$BV$16,MATCH('Nike training program_10k'!S84,'Nike pace chart'!$BY$9:$BY$16,0))/1000*0.5 -> 0.12 | V84: 00:30
B85: W-2 | S85: Recovery | T85: =INDEX('Nike pace chart'!$BO$9:$BO$16,MATCH('Nike training program_10k'!S85,'Nike pace chart'!$BY$9:$BY$16,0)) -> 05:39 | U85: =INDEX('Nike pace chart'!$BV$9:$BV$16,MATCH('Nike training program_10k'!S85,'Nike pace chart'!$BY$9:$BY$16,0))/1000*1 -> 0.18 | V85: 01:00
B86: W-1 | C86: 1 | D86: Recovery | E86: =INDEX('Nike pace chart'!$BO$9:$BO$16,MATCH('Nike training program_10k'!D86,'Nike pace chart'!$BY$9:$BY$16,0)) -> 05:39 | F86: 5 | G86: - | H86: 1 | I86: Warm-up | J86: - | K86: - | L86: 05:00 | M86: 1 | N86: Recovery | O86: =INDEX('Nike pace chart'!$BO$9:$BO$16,MATCH('Nike training program_10k'!N86,'Nike pace chart'!$BY$9:$BY$16,0)) -> 05:39 | P86: =INDEX('Nike pace chart'!$BV$9:$BV$16,MATCH('Nike training program_10k'!N86,'Nike pace chart'!$BY$9:$BY$16,0))/1000*25 -> 4.5 | Q86: 25:00 | R86: 1 | S86: Recovery | T86: =INDEX('Nike pace chart'!$BO$9:$BO$16,MATCH('Nike training program_10k'!S86,'Nike pace chart'!$BY$9:$BY$16,0)) -> 05:39 | U86: 1.6 | V86: - | W86: 1 | X86: Mile | Y86: =INDEX('Nike pace chart'!$BO$9:$BO$16,MATCH('Nike training program_10k'!X86,'Nike pace chart'!$BY$9:$BY$16,0)) -> 04:25 | Z86: 10 | AA86: - | AC86: 1 | AD86: Recovery | AE86: 06:06 | AF86: =3600/(_xlfn.TEXTBEFORE(AE86,":")*60+_xlfn.TEXTAFTER(AE86,":")) -> 9.8360656 | AG86: 5 | AH86: - | AI86: 1 | AJ86: Warm-up | AK86: - | AM86: - | AN86: 05:00 | AO86: 1 | AP86: Recovery | AQ86: 06:06 | AR86: =3600/(_xlfn.TEXTBEFORE(AQ86,":")*60+_xlfn.TEXTAFTER(AQ86,":")) -> 9.8360656 | AS86: 4 | AT86: 25:00 | AU86: 1 | AV86: Recovery | AW86: =INDEX('Nike pace chart'!$BO$9:$BO$16,MATCH('Nike training program_10k'!AV86,'Nike pace chart'!$BY$9:$BY$16,0)) -> 05:39 | AX86: =3600/(_xlfn.TEXTBEFORE(AW86,":")*60+_xlfn.TEXTAFTER(AW86,":")) -> 10.619469 | AY86: 1.6 | AZ86: - | BA86: 1 | BB86: Mile | BC86: 0.0038194444 | BD86: =3600/(MINUTE(BC86)*60+SECOND(BC86)) -> 10.909091 | BE86: 1 | BF86: -
B87: W-1 | I87: Recovery | J87: =INDEX('Nike pace chart'!$BO$9:$BO$16,MATCH('Nike training program_10k'!I87,'Nike pace chart'!$BY$9:$BY$16,0)) -> 05:39 | K87: =INDEX('Nike pace chart'!$BV$9:$BV$16,MATCH('Nike training program_10k'!I87,'Nike pace chart'!$BY$9:$BY$16,0))/1000*5 -> 0.9 | L87: 05:00 | AJ87: Recovery | AK87: =INDEX('Nike pace chart'!$BO$9:$BO$16,MATCH('Nike training program_10k'!AJ87,'Nike pace chart'!$BY$9:$BY$16,0)) -> 05:39 | AL87: =3600/(_xlfn.TEXTBEFORE(AK87,":")*60+_xlfn.TEXTAFTER(AK87,":")) -> 10.619469 | AM87: =INDEX('Nike pace chart'!$BV$9:$BV$16,MATCH('Nike training program_10k'!AJ87,'Nike pace chart'!$BY$9:$BY$16,0))/1000*5 -> 0.9 | AN87: 05:00 | BC87: 0.0038194444 | BD87: =3600/(MINUTE(BC87)*60+SECOND(BC87)) -> 10.909091 | BE87: 1
B88: W-1 | H88: 1 | I88: 10k | J88: =INDEX('Nike pace chart'!$BO$9:$BO$16,MATCH('Nike training program_10k'!I88,'Nike pace chart'!$BY$9:$BY$16,0)) -> 04:46 | K88: =INDEX('Nike pace chart'!$BV$9:$BV$16,MATCH('Nike training program_10k'!I88,'Nike pace chart'!$BY$9:$BY$16,0))/1000*4 -> 0.84 | L88: 04:00 | AI88: 1 | AJ88: 10k | AK88: =INDEX('Nike pace chart'!$BO$9:$BO$16,MATCH('Nike training program_10k'!AJ88,'Nike pace chart'!$BY$9:$BY$16,0)) -> 04:46 | AL88: =3600/(_xlfn.TEXTBEFORE(AK88,":")*60+_xlfn.TEXTAFTER(AK88,":")) -> 12.587413 | AM88: 0.8 | AN88: 04:00 | BC88: 0.0037037037 | BD88: =3600/(MINUTE(BC88)*60+SECOND(BC88)) -> 11.25 | BE88: 1
B89: W-1 | H89: 1 | I89: 5k | J89: =INDEX('Nike pace chart'!$BO$9:$BO$16,MATCH('Nike training program_10k'!I89,'Nike pace chart'!$BY$9:$BY$16,0)) -> 04:37 | K89: =INDEX('Nike pace chart'!$BV$9:$BV$16,MATCH('Nike training program_10k'!I89,'Nike pace chart'!$BY$9:$BY$16,0))/1000*3 -> 0.66 | L89: 03:00 | AI89: 1 | AJ89: 5k | AK89: =INDEX('Nike pace chart'!$BO$9:$BO$16,MATCH('Nike training program_10k'!AJ89,'Nike pace chart'!$BY$9:$BY$16,0)) -> 04:37 | AL89: =3600/(_xlfn.TEXTBEFORE(AK89,":")*60+_xlfn.TEXTAFTER(AK89,":")) -> 12.99639 | AM89: 0.6 | AN89: 03:00 | BC89: 0.0037037037 | BD89: =3600/(MINUTE(BC89)*60+SECOND(BC89)) -> 11.25 | BE89: 1
B90: W-1 | H90: 1 | I90: Mile | J90: =INDEX('Nike pace chart'!$BO$9:$BO$16,MATCH('Nike training program_10k'!I90,'Nike pace chart'!$BY$9:$BY$16,0)) -> 04:25 | K90: =INDEX('Nike pace chart'!$BV$9:$BV$16,MATCH('Nike training program_10k'!I90,'Nike pace chart'!$BY$9:$BY$16,0))/1000*2 -> 0.46 | L90: 02:00 | AI90: 1 | AJ90: Mile | AK90: =INDEX('Nike pace chart'!$BO$9:$BO$16,MATCH('Nike training program_10k'!AJ90,'Nike pace chart'!$BY$9:$BY$16,0)) -> 04:25 | AL90: =3600/(_xlfn.TEXTBEFORE(AK90,":")*60+_xlfn.TEXTAFTER(AK90,":")) -> 13.584906 | AM90: 0.45 | AN90: 02:00 | BC90: 0.003587963 | BD90: =3600/(MINUTE(BC90)*60+SECOND(BC90)) -> 11.612903 | BE90: 1
B91: W-1 | H91: 1 | I91: Best | J91: =INDEX('Nike pace chart'!$BO$9:$BO$16,MATCH('Nike training program_10k'!I91,'Nike pace chart'!$BY$9:$BY$16,0)) -> 04:13 | K91: =INDEX('Nike pace chart'!$BV$9:$BV$16,MATCH('Nike training program_10k'!I91,'Nike pace chart'!$BY$9:$BY$16,0))/1000*1 -> 0.24 | L91: 01:00 | AI91: 1 | AJ91: Best | AK91: =INDEX('Nike pace chart'!$BO$9:$BO$16,MATCH('Nike training program_10k'!AJ91,'Nike pace chart'!$BY$9:$BY$16,0)) -> 04:13 | AL91: =3600/(_xlfn.TEXTBEFORE(AK91,":")*60+_xlfn.TEXTAFTER(AK91,":")) -> 14.229249 | AM91: 0.25 | AN91: 01:00 | BC91: 0.003587963 | BD91: =3600/(MINUTE(BC91)*60+SECOND(BC91)) -> 11.612903 | BE91: 1
BC92: 0.0034722222 | BD92: =3600/(MINUTE(BC92)*60+SECOND(BC92)) -> 12 | BE92: 1
BC93: 0.0034722222 | BD93: =3600/(MINUTE(BC93)*60+SECOND(BC93)) -> 12 | BE93: 1
BC94: 0.0033564815 | BD94: =3600/(MINUTE(BC94)*60+SECOND(BC94)) -> 12.413793 | BE94: 1
BC95: 0.0033564815 | BD95: =3600/(MINUTE(BC95)*60+SECOND(BC95)) -> 12.413793 | BE95: 1

Sheet Daily workout
B2: 스트레칭 | C2: Odd - opposite | D2: Even - regular
B3: 등 | C3: Pull-up | D3: Neutral | E3: Chin-up
B4: 가슴 | C4: Push-up | D4: Incline
B5: 어깨 | C5: Arnold | D5: Lateral | E5: Front | F5: Rear | G5: OHP/BTN

Sheet Nike training program_21k
C2: Recovery | H2: Speed | M2: Recovery | R2: Speed | W2: Long | AC2: Recovery | AF2: =SUM(AF95:AF101) -> 2.6 | AH2: Speed | AK2: =SUM(AK95:AK101) -> 1.7 | AM2: Recovery | AP2: =SUM(AP95:AP101) -> 7.2 | AR2: Speed | AU2: =SUM(AU96:AU97,AU100:AU101)*3+SUM(AU98:AU99) -> 5.9 | AW2: Long
B3: Week | C3: Laps | D3: Category | E3: Pace | F3: Distance | G3: Min | H3: Laps | I3: Category | J3: Pace | K3: Distance | L3: Min | M3: Laps | N3: Category | O3: Pace | P3: Distance | Q3: Min | R3: Laps | S3: Category | T3: Pace | U3: Distance | V3: Min | W3: Laps | X3: Category | Y3: Pace | Z3: Distance | AA3: Min | AC3: Laps | AD3: Category | AE3: Pace | AF3: Distance | AG3: Min | AH3: Laps | AI3: Category | AJ3: Pace | AK3: Distance | AL3: Min | AM3: Laps | AN3: Category | AO3: Pace | AP3: Distance | AQ3: Min | AR3: Laps | AS3: Category | AT3: Pace | AU3: Distance | AV3: Min | AW3: Laps | AX3: Category | AY3: Pace | AZ3: Distance | BA3: Min
B4: W-14 | C4: 1 | D4: Recovery | E4: =INDEX('Nike pace chart'!$BO$9:$BO$16,MATCH('Nike training program_21k'!D4,'Nike pace chart'!$BY$9:$BY$16,0)) -> 05:39 | F4: =INDEX('Nike pace chart'!$BV$9:$BV$16,MATCH(D4,'Nike pace chart'!$BY$9:$BY$16,0))/1000*((_xlfn.TEXTBEFORE(G4,":")+_xlfn.TEXTAFTER(G4,":")/60)) -> 2.7 | G4: 15:00 | H4: 1 | I4: Warm-up | J4: - | K4: - | L4: 05:00 | M4: 1 | N4: Recovery | O4: =INDEX('Nike pace chart'!$BO$9:$BO$16,MATCH('Nike training program_21k'!N4,'Nike pace chart'!$BY$9:$BY$16,0)) -> 05:39 | P4: =INDEX('Nike pace chart'!$BV$9:$BV$16,MATCH(N4,'Nike pace chart'!$BY$9:$BY$16,0))/1000*((_xlfn.TEXTBEFORE(Q4,":")+_xlfn.TEXTAFTER(Q4,":")/60)) -> 4.5 | Q4: 25:00 | R4: 1 | S4: Warm-up | T4: - | U4: - | V4: 05:00 | W4: 1 | X4: Mile | Y4: =INDEX('Nike pace chart'!$BO$9:$BO$16,MATCH('Nike training program_21k'!X4,'Nike pace chart'!$BY$9:$BY$16,0)) -> 04:25 | Z4: 5 | AA4: - | AB4: 1 | AC4: 1 | AD4: Recovery | AE4: =INDEX('Nike pace chart'!$BO$9:$BO$16,MATCH('Nike training program_21k'!AD4,'Nike pace chart'!$BY$9:$BY$16,0)) -> 05:39 | AF4: 2.6 | AG4: 15:00 | AH4: 1 | AI4: Warm-up | AJ4: - | AK4: - | AL4: 05:00 | AM4: 1 | AN4: Recovery | AO4: =INDEX('Nike pace chart'!$BO$9:$BO$16,MATCH('Nike training program_21k'!AN4,'Nike pace chart'!$BY$9:$BY$16,0)) -> 05:39 | AP4: 4.5 | AQ4: 25:00 | AR4: 1 | AS4: Warm-up | AT4: - | AU4: - | AV4: 05:00 | AW4: 1 | AX4: Mile | AZ4: 5 | BA4: -
H5: 8 | I5: 5k | J5: =INDEX('Nike pace chart'!$BO$9:$BO$16,MATCH('Nike training program_21k'!I5,'Nike pace chart'!$BY$9:$BY$16,0)) -> 04:37 | K5: =INDEX('Nike pace chart'!$BV$9:$BV$16,MATCH(I5,'Nike pace chart'!$BY$9:$BY$16,0))/1000*((_xlfn.TEXTBEFORE(L5,":")+_xlfn.TEXTAFTER(L5,":")/60)) -> 0.22 | L5: 01:00 | R5: 7 | S5: Best | T5: =INDEX('Nike pace chart'!$BO$9:$BO$16,MATCH('Nike training program_21k'!S5,'Nike pace chart'!$BY$9:$BY$16,0)) -> 04:13 | U5: =INDEX('Nike pace chart'!$BV$9:$BV$16,MATCH(S5,'Nike pace chart'!$BY$9:$BY$16,0))/1000*((_xlfn.TEXTBEFORE(V5,":")+_xlfn.TEXTAFTER(V5,":")/60)) -> 0.24 | V5: 01:00 | AB5: 1 | AH5: 8 | AI5: 5k | AJ5: =INDEX('Nike pace chart'!$BO$9:$BO$16,MATCH('Nike training program_21k'!AI5,'Nike pace chart'!$BY$9:$BY$16,0)) -> 04:37 | AK5: 0.2 | AL5: 01:00 | AR5: 7 | AS5: Best | AT5: =INDEX('Nike pace chart'!$BO$9:$BO$16,MATCH('Nike training program_21k'!AS5,'Nike pace chart'!$BY$9:$BY$16,0)) -> 04:13 | AU5: 0.25 | AV5: 01:00
I6: Recovery | J6: =INDEX('Nike pace chart'!$BO$9:$BO$16,MATCH('Nike training program_21k'!I6,'Nike pace chart'!$BY$9:$BY$16,0)) -> 05:39 | K6: =INDEX('Nike pace chart'!$BV$9:$BV$16,MATCH(I6,'Nike pace chart'!$BY$9:$BY$16,0))/1000*((_xlfn.TEXTBEFORE(L6,":")+_xlfn.TEXTAFTER(L6,":")/60)) -> 0.18 | L6: 01:00 | S6: Recovery | T6: =INDEX('Nike pace chart'!$BO$9:$BO$16,MATCH('Nike training program_21k'!S6,'Nike pace chart'!$BY$9:$BY$16,0)) -> 05:39 | U6: =INDEX('Nike pace chart'!$BV$9:$BV$16,MATCH(S6,'Nike pace chart'!$BY$9:$BY$16,0))/1000*((_xlfn.TEXTBEFORE(V6,":")+_xlfn.TEXTAFTER(V6,":")/60)) -> 0.36 | V6: 02:00 | AB6: 1 | AI6: Recovery | AJ6: =INDEX('Nike pace chart'!$BO$9:$BO$16,MATCH('Nike training program_21k'!AI6,'Nike pace chart'!$BY$9:$BY$16,0)) -> 05:39 | AK6: 0.2 | AL6: 01:00 | AS6: Recovery | AT6: =INDEX('Nike pace chart'!$BO$9:$BO$16,MATCH('Nike training program_21k'!AS6,'Nike pace chart'!$BY$9:$BY$16,0)) -> 05:39 | AU6: 0.35 | AV6: 02:00
B7: W-13 | C7: 1 | D7: Recovery | E7: =INDEX('Nike pace chart'!$BO$9:$BO$16,MATCH('Nike training program_21k'!D7,'Nike pace chart'!$BY$9:$BY$16,0)) -> 05:39 | F7: =INDEX('Nike pace chart'!$BV$9:$BV$16,MATCH(D7,'Nike pace chart'!$BY$9:$BY$16,0))/1000*((_xlfn.TEXTBEFORE(G7,":")+_xlfn.TEXTAFTER(G7,":")/60)) -> 2.7 | G7: 15:00 | H7: 1 | I7: Warm-up | J7: - | L7: 05:00 | M7: 1 | N7: Recovery | O7: =INDEX('Nike pace chart'!$BO$9:$BO$16,MATCH('Nike training program_21k'!N7,'Nike pace chart'!$BY$9:$BY$16,0)) -> 05:39 | P7: =INDEX('Nike pace chart'!$BV$9:$BV$16,MATCH(N7,'Nike pace chart'!$BY$9:$BY$16,0))/1000*((_xlfn.TEXTBEFORE(Q7,":")+_xlfn.TEXTAFTER(Q7,":")/60)) -> 6.3 | Q7: 35:00 | R7: 1 | S7: Warm-up | T7: - | U7: - | V7: 05:00 | W7: 1 | X7: Mile | Y7: =INDEX('Nike pace chart'!$BO$9:$BO$16,MATCH('Nike training program_21k'!X7,'Nike pace chart'!$BY$9:$BY$16,0)) -> 04:25 | Z7: 6.4 | AA7: - | AB7: 1 | AC7: 1 | AD7: Recovery | AE7: =INDEX('Nike pace chart'!$BO$9:$BO$16,MATCH('Nike training program_21k'!AD7,'Nike pace chart'!$BY$9:$BY$16,0)) -> 05:39 | AF7: 2.6 | AG7: 15:00 | AH7: 1 | AI7: Warm-up | AJ7: - | AL7: 05:00 | AM7: 1 | AN7: Recovery | AO7: =INDEX('Nike pace chart'!$BO$9:$BO$16,MATCH('Nike training program_21k'!AN7,'Nike pace chart'!$BY$9:$BY$16,0)) -> 05:39 | AP7: 6 | AQ7: 35:00 | AR7: 1 | AS7: Warm-up | AT7: - | AU7: - | AV7: 05:00 | AW7: 1 | AX7: Mile | AZ7: 6.4 | BA7: -
H8: 1 | I8: Mile | J8: =INDEX('Nike pace chart'!$BO$9:$BO$16,MATCH('Nike training program_21k'!I8,'Nike pace chart'!$BY$9:$BY$16,0)) -> 04:25 | K8: =INDEX('Nike pace chart'!$BV$9:$BV$16,MATCH(I8,'Nike pace chart'!$BY$9:$BY$16,0))/1000*((_xlfn.TEXTBEFORE(L8,":")+_xlfn.TEXTAFTER(L8,":")/60)) -> 0.23 | L8: 01:00 | R8: 4 | S8: 5k | T8: =INDEX('Nike pace chart'!$BO$9:$BO$16,MATCH('Nike training program_21k'!S8,'Nike pace chart'!$BY$9:$BY$16,0)) -> 04:37 | U8: =INDEX('Nike pace chart'!$BV$9:$BV$16,MATCH(S8,'Nike pace chart'!$BY$9:$BY$16,0))/1000*((_xlfn.TEXTBEFORE(V8,":")+_xlfn.TEXTAFTER(V8,":")/60)) -> 0.33 | V8: 01:30 | AB8: 1 | AH8: 1 | AI8: Mile | AJ8: =INDEX('Nike pace chart'!$BO$9:$BO$16,MATCH('Nike training program_21k'!AI8,'Nike pace chart'!$BY$9:$BY$16,0)) -> 04:25 | AK8: 0.45 | AL8: 01:00 | AR8: 8 | AS8: 5k | AT8: =INDEX('Nike pace chart'!$BO$9:$BO$16,MATCH('Nike training program_21k'!AS8,'Nike pace chart'!$BY$9:$BY$16,0)) -> 04:37 | AU8: 0.35 | AV8: 01:30
I9: Recovery | J9: =INDEX('Nike pace chart'!$BO$9:$BO$16,MATCH('Nike training program_21k'!I9,'Nike pace chart'!$BY$9:$BY$16,0)) -> 05:39 | K9: =INDEX('Nike pace chart'!$BV$9:$BV$16,MATCH(I9,'Nike pace chart'!$BY$9:$BY$16,0))/1000*((_xlfn.TEXTBEFORE(L9,":")+_xlfn.TEXTAFTER(L9,":")/60)) -> 0.18 | L9: 01:00 | S9: Recovery | T9: =INDEX('Nike pace chart'!$BO$9:$BO$16,MATCH('Nike training program_21k'!S9,'Nike pace chart'!$BY$9:$BY$16,0)) -> 05:39 | U9: =INDEX('Nike pace chart'!$BV$9:$BV$16,MATCH(S9,'Nike pace chart'!$BY$9:$BY$16,0))/1000*((_xlfn.TEXTBEFORE(V9,":")+_xlfn.TEXTAFTER(V9,":")/60)) -> 0.135 | V9: 00:45 | AB9: 1 | AI9: Recovery | AJ9: =INDEX('Nike pace chart'!$BO$9:$BO$16,MATCH('Nike training program_21k'!AI9,'Nike pace chart'!$BY$9:$BY$16,0)) -> 05:39 | AK9: 0.35 | AL9: 01:00 | AS9: Recovery | AT9: =INDEX('Nike pace chart'!$BO$9:$BO$16,MATCH('Nike training program_21k'!AS9,'Nike pace chart'!$BY$9:$BY$16,0)) -> 05:39 | AU9: 0.15 | AV9: 00:45
H10: 1 | I10: 5k | J10: =INDEX('Nike pace chart'!$BO$9:$BO$16,MATCH('Nike training program_21k'!I10,'Nike pace chart'!$BY$9:$BY$16,0)) -> 04:37 | K10: =INDEX('Nike pace chart'!$BV$9:$BV$16,MATCH(I10,'Nike pace chart'!$BY$9:$BY$16,0))/1000*((_xlfn.TEXTBEFORE(L10,":")+_xlfn.TEXTAFTER(L10,":")/60)) -> 0.44 | L10: 02:00 | R10: 1 | S10: Mile | T10: =INDEX('Nike pace chart'!$BO$9:$BO$16,MATCH('Nike training program_21k'!S10,'Nike pace chart'!$BY$9:$BY$16,0)) -> 04:25 | U10: =INDEX('Nike pace chart'!$BV$9:$BV$16,MATCH(S10,'Nike pace chart'!$BY$9:$BY$16,0))/1000*((_xlfn.TEXTBEFORE(V10,":")+_xlfn.TEXTAFTER(V10,":")/60)) -> 0.345 | V10: 01:30 | AB10: 1 | AH10: 1 | AI10: 5k | AJ10: =INDEX('Nike pace chart'!$BO$9:$BO$16,MATCH('Nike training program_21k'!AI10,'Nike pace chart'!$BY$9:$BY$16,0)) -> 04:37 | AK10: 0.85 | AL10: 02:00 | AR10: 2 | AS10: Mile | AT10: =INDEX('Nike pace chart'!$BO$9:$BO$16,MATCH('Nike training program_21k'!AS10,'Nike pace chart'!$BY$9:$BY$16,0)) -> 04:25 | AU10: 0.3 | AV10: 01:30
I11: Recovery | J11: =INDEX('Nike pace chart'!$BO$9:$BO$16,MATCH('Nike training program_21k'!I11,'Nike pace chart'!$BY$9:$BY$16,0)) -> 05:39 | K11: =INDEX('Nike pace chart'!$BV$9:$BV$16,MATCH(I11,'Nike pace chart'!$BY$9:$BY$16,0))/1000*((_xlfn.TEXTBEFORE(L11,":")+_xlfn.TEXTAFTER(L11,":")/60)) -> 0.18 | L11: 01:00 | S11: Recovery | T11: =INDEX('Nike pace chart'!$BO$9:$BO$16,MATCH('Nike training program_21k'!S11,'Nike pace chart'!$BY$9:$BY$16,0)) -> 05:39 | U11: =INDEX('Nike pace chart'!$BV$9:$BV$16,MATCH(S11,'Nike pace chart'!$BY$9:$BY$16,0))/1000*((_xlfn.TEXTBEFORE(V11,":")+_xlfn.TEXTAFTER(V11,":")/60)) -> 0.18 | V11: 01:00 | AB11: 1 | AI11: Recovery | AJ11: =INDEX('Nike pace chart'!$BO$9:$BO$16,MATCH('Nike training program_21k'!AI11,'Nike pace chart'!$BY$9:$BY$16,0)) -> 05:39 | AK11: 0.35 | AL11: 01:00 | AS11: Recovery | AT11: =INDEX('Nike pace chart'!$BO$9:$BO$16,MATCH('Nike training program_21k'!AS11,'Nike pace chart'!$BY$9:$BY$16,0)) -> 05:39 | AU11: 0.1 | AV11: 01:00
H12: 1 | I12: 10k | J12: =INDEX('Nike pace chart'!$BO$9:$BO$16,MATCH('Nike training program_21k'!I12,'Nike pace chart'!$BY$9:$BY$16,0)) -> 04:46 | K12: =INDEX('Nike pace chart'!$BV$9:$BV$16,MATCH(I12,'Nike pace chart'!$BY$9:$BY$16,0))/1000*((_xlfn.TEXTBEFORE(L12,":")+_xlfn.TEXTAFTER(L12,":")/60)) -> 0.63 | L12: 03:00 | R12: 4 | S12: 5k | T12: =INDEX('Nike pace chart'!$BO$9:$BO$16,MATCH('Nike training program_21k'!S12,'Nike pace chart'!$BY$9:$BY$16,0)) -> 04:37 | U12: =INDEX('Nike pace chart'!$BV$9:$BV$16,MATCH(S12,'Nike pace chart'!$BY$9:$BY$16,0))/1000*((_xlfn.TEXTBEFORE(V12,":")+_xlfn.TEXTAFTER(V12,":")/60)) -> 0.33 | V12: 01:30 | AB12: 1 | AH12: 1 | AI12: 10k | AJ12: =INDEX('Nike pace chart'!$BO$9:$BO$16,MATCH('Nike training program_21k'!AI12,'Nike pace chart'!$BY$9:$BY$16,0)) -> 04:46 | AK12: 0.7 | AL12: 03:00
I13: Recovery | J13: =INDEX('Nike pace chart'!$BO$9:$BO$16,MATCH('Nike training program_21k'!I13,'Nike pace chart'!$BY$9:$BY$16,0)) -> 05:39 | K13: =INDEX('Nike pace chart'!$BV$9:$BV$16,MATCH(I13,'Nike pace chart'!$BY$9:$BY$16,0))/1000*((_xlfn.TEXTBEFORE(L13,":")+_xlfn.TEXTAFTER(L13,":")/60)) -> 0.18 | L13: 01:00 | S13: Recovery | T13: =INDEX('Nike pace chart'!$BO$9:$BO$16,MATCH('Nike training program_21k'!S13,'Nike pace chart'!$BY$9:$BY$16,0)) -> 05:39 | U13: =INDEX('Nike pace chart'!$BV$9:$BV$16,MATCH(S13,'Nike pace chart'!$BY$9:$BY$16,0))/1000*((_xlfn.TEXTBEFORE(V13,":")+_xlfn.TEXTAFTER(V13,":")/60)) -> 0.135 | V13: 00:45 | AB13: 1 | AI13: Recovery | AJ13: =INDEX('Nike pace chart'!$BO$9:$BO$16,MATCH('Nike training program_21k'!AI13,'Nike pace chart'!$BY$9:$BY$16,0)) -> 05:39 | AK13: 0.2 | AL13: 01:00
H14: 1 | I14: 5k | J14: =INDEX('Nike pace chart'!$BO$9:$BO$16,MATCH('Nike training program_21k'!I14,'Nike pace chart'!$BY$9:$BY$16,0)) -> 04:37 | K14: =INDEX('Nike pace chart'!$BV$9:$BV$16,MATCH(I14,'Nike pace chart'!$BY$9:$BY$16,0))/1000*((_xlfn.TEXTBEFORE(L14,":")+_xlfn.TEXTAFTER(L14,":")/60)) -> 0.44 | L14: 02:00 | R14: 1 | S14: Mile | T14: =INDEX('Nike pace chart'!$BO$9:$BO$16,MATCH('Nike training program_21k'!S14,'Nike pace chart'!$BY$9:$BY$16,0)) -> 04:25 | U14: =INDEX('Nike pace chart'!$BV$9:$BV$16,MATCH(S14,'Nike pace chart'!$BY$9:$BY$16,0))/1000*((_xlfn.TEXTBEFORE(V14,":")+_xlfn.TEXTAFTER(V14,":")/60)) -> 0.345 | V14: 01:30 | AB14: 1
I15: Recovery | J15: =INDEX('Nike pace chart'!$BO$9:$BO$16,MATCH('Nike training program_21k'!I15,'Nike pace chart'!$BY$9:$BY$16,0)) -> 05:39 | K15: =INDEX('Nike pace chart'!$BV$9:$BV$16,MATCH(I15,'Nike pace chart'!$BY$9:$BY$16,0))/1000*((_xlfn.TEXTBEFORE(L15,":")+_xlfn.TEXTAFTER(L15,":")/60)) -> 0.18 | L15: 01:00 | S15: Recovery | T15: =INDEX('Nike pace chart'!$BO$9:$BO$16,MATCH('Nike training program_21k'!S15,'Nike pace chart'!$BY$9:$BY$16,0)) -> 05:39 | U15: =INDEX('Nike pace chart'!$BV$9:$BV$16,MATCH(S15,'Nike pace chart'!$BY$9:$BY$16,0))/1000*((_xlfn.TEXTBEFORE(V15,":")+_xlfn.TEXTAFTER(V15,":")/60)) -> 0.18 | V15: 01:00 | AB15: 1
H16: 1 | I16: Mile | J16: =INDEX('Nike pace chart'!$BO$9:$BO$16,MATCH('Nike training program_21k'!I16,'Nike pace chart'!$BY$9:$BY$16,0)) -> 04:25 | K16: =INDEX('Nike pace chart'!$BV$9:$BV$16,MATCH(I16,'Nike pace chart'!$BY$9:$BY$16,0))/1000*((_xlfn.TEXTBEFORE(L16,":")+_xlfn.TEXTAFTER(L16,":")/60)) -> 0.23 | L16: 01:00 | AB16: 1
B17: W-12 | C17: 1 | D17: Recovery | E17: =INDEX('Nike pace chart'!$BO$9:$BO$16,MATCH('Nike training program_21k'!D17,'Nike pace chart'!$BY$9:$BY$16,0)) -> 05:39 | F17: =INDEX('Nike pace chart'!$BV$9:$BV$16,MATCH(D17,'Nike pace chart'!$BY$9:$BY$16,0))/1000*((_xlfn.TEXTBEFORE(G17,":")+_xlfn.TEXTAFTER(G17,":")/60)) -> 2.7 | G17: 15:00 | H17: 1 | I17: Hill | J17: - | L17: 05:00 | M17: 1 | N17: Recovery | O17: =INDEX('Nike pace chart'!$BO$9:$BO$16,MATCH('Nike training program_21k'!N17,'Nike pace chart'!$BY$9:$BY$16,0)) -> 05:39 | P17: =INDEX('Nike pace chart'!$BV$9:$BV$16,MATCH(N17,'Nike pace chart'!$BY$9:$BY$16,0))/1000*((_xlfn.TEXTBEFORE(Q17,":")+_xlfn.TEXTAFTER(Q17,":")/60)) -> 5.4 | Q17: 30:00 | R17: 1 | S17: Warm-up | T17: - | U17: - | V17: 05:00 | W17: 1 | X17: Mile | Y17: =INDEX('Nike pace chart'!$BO$9:$BO$16,MATCH('Nike training program_21k'!X17,'Nike pace chart'!$BY$9:$BY$16,0)) -> 04:25 | Z17: 8 | AA17: - | AB17: 1 | AC17: 1 | AD17: Recovery | AE17: =INDEX('Nike pace chart'!$BO$9:$BO$16,MATCH('Nike training program_21k'!AD17,'Nike pace chart'!$BY$9:$BY$16,0)) -> 05:39 | AF17: 2.6 | AG17: 15:00 | AH17: 5 | AI17: Hill | AJ17: - | AL17: 05:00 | AM17: 1 | AN17: Recovery | AO17: =INDEX('Nike pace chart'!$BO$9:$BO$16,MATCH('Nike training program_21k'!AN17,'Nike pace chart'!$BY$9:$BY$16,0)) -> 05:39 | AP17: 5.1 | AQ17: 30:00 | AR17: 1 | AS17: Warm-up | AT17: - | AU17: - | AV17: 05:00 | AW17: 1 | AX17: Mile | AZ17: 8 | BA17: -
H18: 5 | I18: 10k | J18: =INDEX('Nike pace chart'!$BO$9:$BO$16,MATCH('Nike training program_21k'!I18,'Nike pace chart'!$BY$9:$BY$16,0)) -> 04:46 | K18: =INDEX('Nike pace chart'!$BV$9:$BV$16,MATCH(I18,'Nike pace chart'!$BY$9:$BY$16,0))/1000*((_xlfn.TEXTBEFORE(L18,":")+_xlfn.TEXTAFTER(L18,":")/60)) -> 0.1575 | L18: 00:45 | R18: 7 | S18: 5k | T18: =INDEX('Nike pace chart'!$BO$9:$BO$16,MATCH('Nike training program_21k'!S18,'Nike pace chart'!$BY$9:$BY$16,0)) -> 04:37 | U18: =INDEX('Nike pace chart'!$BV$9:$BV$16,MATCH(S18,'Nike pace chart'!$BY$9:$BY$16,0))/1000*((_xlfn.TEXTBEFORE(V18,":")+_xlfn.TEXTAFTER(V18,":")/60)) -> 1.54 | V18: 07:00 | AB18: 1 | AI18: 10k | AJ18: =INDEX('Nike pace chart'!$BO$9:$BO$16,MATCH('Nike training program_21k'!AI18,'Nike pace chart'!$BY$9:$BY$16,0)) -> 04:46 | AK18: 0.2 | AL18: 00:45 | AR18: 3 | AS18: 5k | AT18: =INDEX('Nike pace chart'!$BO$9:$BO$16,MATCH('Nike training program_21k'!AS18,'Nike pace chart'!$BY$9:$BY$16,0)) -> 04:37 | AU18: 1.5 | AV18: 07:00
I19: Recovery | J19: =INDEX('Nike pace chart'!$BO$9:$BO$16,MATCH('Nike training program_21k'!I19,'Nike pace chart'!$BY$9:$BY$16,0)) -> 05:39 | K19: =INDEX('Nike pace chart'!$BV$9:$BV$16,MATCH(I19,'Nike pace chart'!$BY$9:$BY$16,0))/1000*((_xlfn.TEXTBEFORE(L19,":")+_xlfn.TEXTAFTER(L19,":")/60)) -> 0.225 | L19: 01:15 | S19: Recovery | T19: =INDEX('Nike pace chart'!$BO$9:$BO$16,MATCH('Nike training program_21k'!S19,'Nike pace chart'!$BY$9:$BY$16,0)) -> 05:39 | U19: =INDEX('Nike pace chart'!$BV$9:$BV$16,MATCH(S19,'Nike pace chart'!$BY$9:$BY$16,0))/1000*((_xlfn.TEXTBEFORE(V19,":")+_xlfn.TEXTAFTER(V19,":")/60)) -> 0.45 | V19: 02:30 | AB19: 1 | AI19: Recovery | AJ19: =INDEX('Nike pace chart'!$BO$9:$BO$16,MATCH('Nike training program_21k'!AI19,'Nike pace chart'!$BY$9:$BY$16,0)) -> 05:39 | AK19: 0.2 | AL19: 01:15 | AS19: Recovery | AT19: =INDEX('Nike pace chart'!$BO$9:$BO$16,MATCH('Nike training program_21k'!AS19,'Nike pace chart'!$BY$9:$BY$16,0)) -> 05:39 | AU19: 0.4 | AV19: 02:30
I20: Best | J20: =INDEX('Nike pace chart'!$BO$9:$BO$16,MATCH('Nike training program_21k'!I20,'Nike pace chart'!$BY$9:$BY$16,0)) -> 04:13 | K20: =INDEX('Nike pace chart'!$BV$9:$BV$16,MATCH(I20,'Nike pace chart'!$BY$9:$BY$16,0))/1000*((_xlfn.TEXTBEFORE(L20,":")+_xlfn.TEXTAFTER(L20,":")/60)) -> 0.06 | L20: 00:15 | AB20: 1 | AI20: Best | AJ20: =INDEX('Nike pace chart'!$BO$9:$BO$16,MATCH('Nike training program_21k'!AI20,'Nike pace chart'!$BY$9:$BY$16,0)) -> 04:13 | AK20: 0.05 | AL20: 00:15
I21: Recovery | J21: =INDEX('Nike pace chart'!$BO$9:$BO$16,MATCH('Nike training program_21k'!I21,'Nike pace chart'!$BY$9:$BY$16,0)) -> 05:39 | K21: =INDEX('Nike pace chart'!$BV$9:$BV$16,MATCH(I21,'Nike pace chart'!$BY$9:$BY$16,0))/1000*((_xlfn.TEXTBEFORE(L21,":")+_xlfn.TEXTAFTER(L21,":")/60)) -> 0.135 | L21: 00:45 | AB21: 1 | AI21: Recovery | AJ21: =INDEX('Nike pace chart'!$BO$9:$BO$16,MATCH('Nike training program_21k'!AI21,'Nike pace chart'!$BY$9:$BY$16,0)) -> 05:39 | AK21: 0.15 | AL21: 00:45
B22: W-11 | C22: 1 | D22: Recovery | E22: =INDEX('Nike pace chart'!$BO$9:$BO$16,MATCH('Nike training program_21k'!D22,'Nike pace chart'!$BY$9:$BY$16,0)) -> 05:39 | F22: =INDEX('Nike pace chart'!$BV$9:$BV$16,MATCH(D22,'Nike pace chart'!$BY$9:$BY$16,0))/1000*((_xlfn.TEXTBEFORE(G22,":")+_xlfn.TEXTAFTER(G22,":")/60)) -> 2.7 | G22: 15:00 | H22: 1 | I22: Warm-up | J22: - | L22: 05:00 | M22: 1 | N22: Recovery | O22: =INDEX('Nike pace chart'!$BO$9:$BO$16,MATCH('Nike training program_21k'!N22,'Nike pace chart'!$BY$9:$BY$16,0)) -> 05:39 | P22: =INDEX('Nike pace chart'!$BV$9:$BV$16,MATCH(N22,'Nike pace chart'!$BY$9:$BY$16,0))/1000*((_xlfn.TEXTBEFORE(Q22,":")+_xlfn.TEXTAFTER(Q22,":")/60)) -> 7.2 | Q22: 40:00 | R22: 1 | S22: Warm-up | T22: - | U22: - | V22: 07:00 | W22: 1 | X22: Mile | Y22: =INDEX('Nike pace chart'!$BO$9:$BO$16,MATCH('Nike training program_21k'!X22,'Nike pace chart'!$BY$9:$BY$16,0)) -> 04:25 | Z22: 10 | AA22: - | AB22: 1 | AC22: 1 | AD22: Recovery | AE22: =INDEX('Nike pace chart'!$BO$9:$BO$16,MATCH('Nike training program_21k'!AD22,'Nike pace chart'!$BY$9:$BY$16,0)) -> 05:39 | AF22: 2.6 | AG22: 15:00 | AH22: 1 | AI22: Warm-up | AJ22: - | AL22: 05:00 | AM22: 1 | AN22: Recovery | AO22: =INDEX('Nike pace chart'!$BO$9:$BO$16,MATCH('Nike training program_21k'!AN22,'Nike pace chart'!$BY$9:$BY$16,0)) -> 05:39 | AP22: 6.8 | AQ22: 40:00 | AR22: 1 | AS22: Warm-up | AT22: - | AU22: - | AV22: 07:00 | AW22: 1 | AX22: Mile | AZ22: 10 | BA22: -
H23: 3 | I23: Mile | J23: =INDEX('Nike pace chart'!$BO$9:$BO$16,MATCH('Nike training program_21k'!I23,'Nike pace chart'!$BY$9:$BY$16,0)) -> 04:25 | K23: =INDEX('Nike pace chart'!$BV$9:$BV$16,MATCH(I23,'Nike pace chart'!$BY$9:$BY$16,0))/1000*((_xlfn.TEXTBEFORE(L23,":")+_xlfn.TEXTAFTER(L23,":")/60)) -> 0.23 | L23: 01:00 | R23: 1 | S23: Tempo | T23: =INDEX('Nike pace chart'!$BO$9:$BO$16,MATCH('Nike training program_21k'!S23,'Nike pace chart'!$BY$9:$BY$16,0)) -> 04:59 | U23: =INDEX('Nike pace chart'!$BV$9:$BV$16,MATCH(S23,'Nike pace chart'!$BY$9:$BY$16,0))/1000*((_xlfn.TEXTBEFORE(V23,":")+_xlfn.TEXTAFTER(V23,":")/60)) -> 5 | V23: 25:00 | AB23: 1 | AH23: 6 | AI23: Mile | AJ23: =INDEX('Nike pace chart'!$BO$9:$BO$16,MATCH('Nike training program_21k'!AI23,'Nike pace chart'!$BY$9:$BY$16,0)) -> 04:25 | AK23: 0.25 | AL23: 01:00 | AR23: 1 | AS23: Tempo | AT23: 0.22222222 | AU23: 1 | AV23: 25:00
I24: Recovery | J24: =INDEX('Nike pace chart'!$BO$9:$BO$16,MATCH('Nike training program_21k'!I24,'Nike pace chart'!$BY$9:$BY$16,0)) -> 05:39 | K24: =INDEX('Nike pace chart'!$BV$9:$BV$16,MATCH(I24,'Nike pace chart'!$BY$9:$BY$16,0))/1000*((_xlfn.TEXTBEFORE(L24,":")+_xlfn.TEXTAFTER(L24,":")/60)) -> 0.18 | L24: 01:00 | AB24: 1 | AI24: Recovery | AJ24: =INDEX('Nike pace chart'!$BO$9:$BO$16,MATCH('Nike training program_21k'!AI24,'Nike pace chart'!$BY$9:$BY$16,0)) -> 05:39 | AK24: 0.15 | AL24: 01:00 | AT24: 0.21527778 | AU24: 1
H25: 3 | I25: 5k | J25: =INDEX('Nike pace chart'!$BO$9:$BO$16,MATCH('Nike training program_21k'!I25,'Nike pace chart'!$BY$9:$BY$16,0)) -> 04:37 | K25: =INDEX('Nike pace chart'!$BV$9:$BV$16,MATCH(I25,'Nike pace chart'!$BY$9:$BY$16,0))/1000*((_xlfn.TEXTBEFORE(L25,":")+_xlfn.TEXTAFTER(L25,":")/60)) -> 0.44 | L25: 02:00 | AB25: 1 | AH25: 6 | AI25: 5k | AJ25: =INDEX('Nike pace chart'!$BO$9:$BO$16,MATCH('Nike training program_21k'!AI25,'Nike pace chart'!$BY$9:$BY$16,0)) -> 04:37 | AK25: 0.4 | AL25: 02:00 | AT25: 0.20833333 | AU25: 1
I26: Recovery | J26: =INDEX('Nike pace chart'!$BO$9:$BO$16,MATCH('Nike training program_21k'!I26,'Nike pace chart'!$BY$9:$BY$16,0)) -> 05:39 | K26: =INDEX('Nike pace chart'!$BV$9:$BV$16,MATCH(I26,'Nike pace chart'!$BY$9:$BY$16,0))/1000*((_xlfn.TEXTBEFORE(L26,":")+_xlfn.TEXTAFTER(L26,":")/60)) -> 0.27 | L26: 01:30 | AB26: 1 | AI26: Recovery | AJ26: =INDEX('Nike pace chart'!$BO$9:$BO$16,MATCH('Nike training program_21k'!AI26,'Nike pace chart'!$BY$9:$BY$16,0)) -> 05:39 | AK26: 0.3 | AL26: 01:30 | AT26: 0.20138889 | AU26: 1
H27: 2 | I27: Mile | J27: =INDEX('Nike pace chart'!$BO$9:$BO$16,MATCH('Nike training program_21k'!I27,'Nike pace chart'!$BY$9:$BY$16,0)) -> 04:25 | K27: =INDEX('Nike pace chart'!$BV$9:$BV$16,MATCH(I27,'Nike pace chart'!$BY$9:$BY$16,0))/1000*((_xlfn.TEXTBEFORE(L27,":")+_xlfn.TEXTAFTER(L27,":")/60)) -> 0.23 | L27: 01:00 | AB27: 1 | AT27: 0.20138889 | AU27: 1
I28: Recovery | J28: =INDEX('Nike pace chart'!$BO$9:$BO$16,MATCH('Nike training program_21k'!I28,'Nike pace chart'!$BY$9:$BY$16,0)) -> 05:39 | K28: =INDEX('Nike pace chart'!$BV$9:$BV$16,MATCH(I28,'Nike pace chart'!$BY$9:$BY$16,0))/1000*((_xlfn.TEXTBEFORE(L28,":")+_xlfn.TEXTAFTER(L28,":")/60)) -> 0.18 | L28: 01:00 | AB28: 1
H29: 2 | I29: 5k | J29: =INDEX('Nike pace chart'!$BO$9:$BO$16,MATCH('Nike training program_21k'!I29,'Nike pace chart'!$BY$9:$BY$16,0)) -> 04:37 | K29: =INDEX('Nike pace chart'!$BV$9:$BV$16,MATCH(I29,'Nike pace chart'!$BY$9:$BY$16,0))/1000*((_xlfn.TEXTBEFORE(L29,":")+_xlfn.TEXTAFTER(L29,":")/60)) -> 0.44 | L29: 02:00 | AB29: 1
I30: Recovery | J30: =INDEX('Nike pace chart'!$BO$9:$BO$16,MATCH('Nike training program_21k'!I30,'Nike pace chart'!$BY$9:$BY$16,0)) -> 05:39 | K30: =INDEX('Nike pace chart'!$BV$9:$BV$16,MATCH(I30,'Nike pace chart'!$BY$9:$BY$16,0))/1000*((_xlfn.TEXTBEFORE(L30,":")+_xlfn.TEXTAFTER(L30,":")/60)) -> 0.27 | L30: 01:30 | AB30: 1
H31: 1 | I31: Mile | J31: =INDEX('Nike pace chart'!$BO$9:$BO$16,MATCH('Nike training program_21k'!I31,'Nike pace chart'!$BY$9:$BY$16,0)) -> 04:25 | K31: =INDEX('Nike pace chart'!$BV$9:$BV$16,MATCH(I31,'Nike pace chart'!$BY$9:$BY$16,0))/1000*((_xlfn.TEXTBEFORE(L31,":")+_xlfn.TEXTAFTER(L31,":")/60)) -> 0.23 | L31: 01:00 | AB31: 1
I32: Recovery | J32: =INDEX('Nike pace chart'!$BO$9:$BO$16,MATCH('Nike training program_21k'!I32,'Nike pace chart'!$BY$9:$BY$16,0)) -> 05:39 | K32: =INDEX('Nike pace chart'!$BV$9:$BV$16,MATCH(I32,'Nike pace chart'!$BY$9:$BY$16,0))/1000*((_xlfn.TEXTBEFORE(L32,":")+_xlfn.TEXTAFTER(L32,":")/60)) -> 0.18 | L32: 01:00 | AB32: 1
H33: 1 | I33: 5k | J33: =INDEX('Nike pace chart'!$BO$9:$BO$16,MATCH('Nike training program_21k'!I33,'Nike pace chart'!$BY$9:$BY$16,0)) -> 04:37 | K33: =INDEX('Nike pace chart'!$BV$9:$BV$16,MATCH(I33,'Nike pace chart'!$BY$9:$BY$16,0))/1000*((_xlfn.TEXTBEFORE(L33,":")+_xlfn.TEXTAFTER(L33,":")/60)) -> 0.44 | L33: 02:00 | AB33: 1
I34: Recovery | J34: =INDEX('Nike pace chart'!$BO$9:$BO$16,MATCH('Nike training program_21k'!I34,'Nike pace chart'!$BY$9:$BY$16,0)) -> 05:39 | K34: =INDEX('Nike pace chart'!$BV$9:$BV$16,MATCH(I34,'Nike pace chart'!$BY$9:$BY$16,0))/1000*((_xlfn.TEXTBEFORE(L34,":")+_xlfn.TEXTAFTER(L34,":")/60)) -> 0.27 | L34: 01:30 | AB34: 1
B35: W-10 | C35: 1 | D35: Recovery | E35: =INDEX('Nike pace chart'!$BO$9:$BO$16,MATCH('Nike training program_21k'!D35,'Nike pace chart'!$BY$9:$BY$16,0)) -> 05:39 | F35: =INDEX('Nike pace chart'!$BV$9:$BV$16,MATCH(D35,'Nike pace chart'!$BY$9:$BY$16,0))/1000*((_xlfn.TEXTBEFORE(G35,":")+_xlfn.TEXTAFTER(G35,":")/60)) -> 2.7 | G35: 15:00 | H35: 1 | I35: Warm-up | J35: - | L35: 05:00 | M35: 1 | N35: Recovery | O35: =INDEX('Nike pace chart'!$BO$9:$BO$16,MATCH('Nike training program_21k'!N35,'Nike pace chart'!$BY$9:$BY$16,0)) -> 05:39 | P35: =INDEX('Nike pace chart'!$BV$9:$BV$16,MATCH(N35,'Nike pace chart'!$BY$9:$BY$16,0))/1000*((_xlfn.TEXTBEFORE(Q35,":")+_xlfn.TEXTAFTER(Q35,":")/60)) -> 5.4 | Q35: 30:00 | R35: 1 | S35: Warm-up | T35: - | U35: - | V35: 05:00 | W35: 1 | X35: Mile | Y35: =INDEX('Nike pace chart'!$BO$9:$BO$16,MATCH('Nike training program_21k'!X35,'Nike pace chart'!$BY$9:$BY$16,0)) -> 04:25 | Z35: 10 | AA35: - | AB35: 1 | AC35: 1 | AD35: Recovery | AE35: =INDEX('Nike pace chart'!$BO$9:$BO$16,MATCH('Nike training program_21k'!AD35,'Nike pace chart'!$BY$9:$BY$16,0)) -> 05:39 | AF35: 2.6 | AG35: 15:00 | AH35: 1 | AI35: Warm-up | AJ35: - | AL35: 05:00 | AM35: 1 | AN35: Recovery | AO35: =INDEX('Nike pace chart'!$BO$9:$BO$16,MATCH('Nike training program_21k'!AN35,'Nike pace chart'!$BY$9:$BY$16,0)) -> 05:39 | AP35: 5.1 | AQ35: 30:00 | AR35: 1 | AS35: Warm-up | AT35: - | AU35: - | AV35: 05:00 | AW35: 1 | AX35: Mile | AZ35: 10 | BA35: -
H36: 1 | I36: 5k | J36: =INDEX('Nike pace chart'!$BO$9:$BO$16,MATCH('Nike training program_21k'!I36,'Nike pace chart'!$BY$9:$BY$16,0)) -> 04:37 | K36: =INDEX('Nike pace chart'!$BV$9:$BV$16,MATCH(I36,'Nike pace chart'!$BY$9:$BY$16,0))/1000*((_xlfn.TEXTBEFORE(L36,":")+_xlfn.TEXTAFTER(L36,":")/60)) -> 0.33 | L36: 01:30 | R36: 1 | S36: Tempo | T36: =INDEX('Nike pace chart'!$BO$9:$BO$16,MATCH('Nike training program_21k'!S36,'Nike pace chart'!$BY$9:$BY$16,0)) -> 04:59 | U36: =INDEX('Nike pace chart'!$BV$9:$BV$16,MATCH(S36,'Nike pace chart'!$BY$9:$BY$16,0))/1000*((_xlfn.TEXTBEFORE(V36,":")+_xlfn.TEXTAFTER(V36,":")/60)) -> 4.6 | V36: 23:00 | AB36: 1 | AH36: 3 | AI36: 5k | AJ36: =INDEX('Nike pace chart'!$BO$9:$BO$16,MATCH('Nike training program_21k'!AI36,'Nike pace chart'!$BY$9:$BY$16,0)) -> 04:37 | AK36: 0.35 | AL36: 01:30 | AR36: 1 | AS36: Tempo | AT36: 0.22222222 | AU36: 1 | AV36: 23:00
I37: Recovery | J37: =INDEX('Nike pace chart'!$BO$9:$BO$16,MATCH('Nike training program_21k'!I37,'Nike pace chart'!$BY$9:$BY$16,0)) -> 05:39 | K37: =INDEX('Nike pace chart'!$BV$9:$BV$16,MATCH(I37,'Nike pace chart'!$BY$9:$BY$16,0))/1000*((_xlfn.TEXTBEFORE(L37,":")+_xlfn.TEXTAFTER(L37,":")/60)) -> 0.18 | L37: 01:00 | AB37: 1 | AI37: Recovery | AJ37: =INDEX('Nike pace chart'!$BO$9:$BO$16,MATCH('Nike training program_21k'!AI37,'Nike pace chart'!$BY$9:$BY$16,0)) -> 05:39 | AK37: 0.25 | AL37: 01:00 | AT37: 0.21527778 | AU37: 1
H38: 3 | I38: Mile | J38: =INDEX('Nike pace chart'!$BO$9:$BO$16,MATCH('Nike training program_21k'!I38,'Nike pace chart'!$BY$9:$BY$16,0)) -> 04:25 | K38: =INDEX('Nike pace chart'!$BV$9:$BV$16,MATCH(I38,'Nike pace chart'!$BY$9:$BY$16,0))/1000*((_xlfn.TEXTBEFORE(L38,":")+_xlfn.TEXTAFTER(L38,":")/60)) -> 0.1725 | L38: 00:45 | AB38: 1 | AH38: 9 | AI38: Mile | AJ38: =INDEX('Nike pace chart'!$BO$9:$BO$16,MATCH('Nike training program_21k'!AI38,'Nike pace chart'!$BY$9:$BY$16,0)) -> 04:25 | AK38: 0.2 | AL38: 00:45 | AT38: 0.20833333 | AU38: 1
I39: Recovery | J39: =INDEX('Nike pace chart'!$BO$9:$BO$16,MATCH('Nike training program_21k'!I39,'Nike pace chart'!$BY$9:$BY$16,0)) -> 05:39 | K39: =INDEX('Nike pace chart'!$BV$9:$BV$16,MATCH(I39,'Nike pace chart'!$BY$9:$BY$16,0))/1000*((_xlfn.TEXTBEFORE(L39,":")+_xlfn.TEXTAFTER(L39,":")/60)) -> 0.18 | L39: 01:00 | AB39: 1 | AI39: Recovery | AJ39: =INDEX('Nike pace chart'!$BO$9:$BO$16,MATCH('Nike training program_21k'!AI39,'Nike pace chart'!$BY$9:$BY$16,0)) -> 05:39 | AK39: 0.1 | AL39: 01:00 | AT39: 0.20138889 | AU39: 1
H40: 1 | I40: 5k | J40: =INDEX('Nike pace chart'!$BO$9:$BO$16,MATCH('Nike training program_21k'!I40,'Nike pace chart'!$BY$9:$BY$16,0)) -> 04:37 | K40: =INDEX('Nike pace chart'!$BV$9:$BV$16,MATCH(I40,'Nike pace chart'!$BY$9:$BY$16,0))/1000*((_xlfn.TEXTBEFORE(L40,":")+_xlfn.TEXTAFTER(L40,":")/60)) -> 0.33 | L40: 01:30 | AB40: 1 | AT40: 0.20138889 | AU40: 0.6
I41: Recovery | J41: =INDEX('Nike pace chart'!$BO$9:$BO$16,MATCH('Nike training program_21k'!I41,'Nike pace chart'!$BY$9:$BY$16,0)) -> 05:39 | K41: =INDEX('Nike pace chart'!$BV$9:$BV$16,MATCH(I41,'Nike pace chart'!$BY$9:$BY$16,0))/1000*((_xlfn.TEXTBEFORE(L41,":")+_xlfn.TEXTAFTER(L41,":")/60)) -> 0.18 | L41: 01:00 | AB41: 1
H42: 3 | I42: Mile | J42: =INDEX('Nike pace chart'!$BO$9:$BO$16,MATCH('Nike training program_21k'!I42,'Nike pace chart'!$BY$9:$BY$16,0)) -> 04:25 | K42: =INDEX('Nike pace chart'!$BV$9:$BV$16,MATCH(I42,'Nike pace chart'!$BY$9:$BY$16,0))/1000*((_xlfn.TEXTBEFORE(L42,":")+_xlfn.TEXTAFTER(L42,":")/60)) -> 0.1725 | L42: 00:45 | AB42: 1
I43: Recovery | J43: =INDEX('Nike pace chart'!$BO$9:$BO$16,MATCH('Nike training program_21k'!I43,'Nike pace chart'!$BY$9:$BY$16,0)) -> 05:39 | K43: =INDEX('Nike pace chart'!$BV$9:$BV$16,MATCH(I43,'Nike pace chart'!$BY$9:$BY$16,0))/1000*((_xlfn.TEXTBEFORE(L43,":")+_xlfn.TEXTAFTER(L43,":")/60)) -> 0.18 | L43: 01:00 | AB43: 1
H44: 1 | I44: 5k | J44: =INDEX('Nike pace chart'!$BO$9:$BO$16,MATCH('Nike training program_21k'!I44,'Nike pace chart'!$BY$9:$BY$16,0)) -> 04:37 | K44: =INDEX('Nike pace chart'!$BV$9:$BV$16,MATCH(I44,'Nike pace chart'!$BY$9:$BY$16,0))/1000*((_xlfn.TEXTBEFORE(L44,":")+_xlfn.TEXTAFTER(L44,":")/60)) -> 0.33 | L44: 01:30 | AB44: 1
I45: Recovery | J45: =INDEX('Nike pace chart'!$BO$9:$BO$16,MATCH('Nike training program_21k'!I45,'Nike pace chart'!$BY$9:$BY$16,0)) -> 05:39 | K45: =INDEX('Nike pace chart'!$BV$9:$BV$16,MATCH(I45,'Nike pace chart'!$BY$9:$BY$16,0))/1000*((_xlfn.TEXTBEFORE(L45,":")+_xlfn.TEXTAFTER(L45,":")/60)) -> 0.18 | L45: 01:00 | AB45: 1
H46: 3 | I46: Mile | J46: =INDEX('Nike pace chart'!$BO$9:$BO$16,MATCH('Nike training program_21k'!I46,'Nike pace chart'!$BY$9:$BY$16,0)) -> 04:25 | K46: =INDEX('Nike pace chart'!$BV$9:$BV$16,MATCH(I46,'Nike pace chart'!$BY$9:$BY$16,0))/1000*((_xlfn.TEXTBEFORE(L46,":")+_xlfn.TEXTAFTER(L46,":")/60)) -> 0.1725 | L46: 00:45 | AB46: 1
I47: Recovery | J47: =INDEX('Nike pace chart'!$BO$9:$BO$16,MATCH('Nike training program_21k'!I47,'Nike pace chart'!$BY$9:$BY$16,0)) -> 05:39 | K47: =INDEX('Nike pace chart'!$BV$9:$BV$16,MATCH(I47,'Nike pace chart'!$BY$9:$BY$16,0))/1000*((_xlfn.TEXTBEFORE(L47,":")+_xlfn.TEXTAFTER(L47,":")/60)) -> 0.18 | L47: 01:00 | AB47: 1
B48: W-9 | C48: 1 | D48: Recovery | E48: =INDEX('Nike pace chart'!$BO$9:$BO$16,MATCH('Nike training program_21k'!D48,'Nike pace chart'!$BY$9:$BY$16,0)) -> 05:39 | F48: =INDEX('Nike pace chart'!$BV$9:$BV$16,MATCH(D48,'Nike pace chart'!$BY$9:$BY$16,0))/1000*((_xlfn.TEXTBEFORE(G48,":")+_xlfn.TEXTAFTER(G48,":")/60)) -> 2.7 | G48: 15:00 | H48: 1 | I48: Warm-up | J48: - | L48: 05:00 | M48: 1 | N48: Recovery | O48: =INDEX('Nike pace chart'!$BO$9:$BO$16,MATCH('Nike training program_21k'!N48,'Nike pace chart'!$BY$9:$BY$16,0)) -> 05:39 | P48: =INDEX('Nike pace chart'!$BV$9:$BV$16,MATCH(N48,'Nike pace chart'!$BY$9:$BY$16,0))/1000*((_xlfn.TEXTBEFORE(Q48,":")+_xlfn.TEXTAFTER(Q48,":")/60)) -> 8.1 | Q48: 45:00 | R48: 1 | S48: Hill | T48: - | V48: 05:00 | W48: 1 | X48: Mile | Y48: =INDEX('Nike pace chart'!$BO$9:$BO$16,MATCH('Nike training program_21k'!X48,'Nike pace chart'!$BY$9:$BY$16,0)) -> 04:25 | Z48: 12.5 | AA48: - | AB48: 1 | AC48: 1 | AD48: Recovery | AE48: =INDEX('Nike pace chart'!$BO$9:$BO$16,MATCH('Nike training program_21k'!AD48,'Nike pace chart'!$BY$9:$BY$16,0)) -> 05:39 | AF48: 2.6 | AG48: 15:00 | AH48: 1 | AI48: Warm-up | AJ48: - | AL48: 05:00 | AM48: 1 | AN48: Recovery | AO48: =INDEX('Nike pace chart'!$BO$9:$BO$16,MATCH('Nike training program_21k'!AN48,'Nike pace chart'!$BY$9:$BY$16,0)) -> 05:39 | AP48: 7.7 | AQ48: 45:00 | AR48: 3 | AS48: Hill | AT48: - | AV48: 05:00 | AW48: 1 | AX48: Mile | AZ48: 12.5 | BA48: -
H49: 1 | I49: 5k | J49: =INDEX('Nike pace chart'!$BO$9:$BO$16,MATCH('Nike training program_21k'!I49,'Nike pace chart'!$BY$9:$BY$16,0)) -> 04:37 | K49: =INDEX('Nike pace chart'!$BV$9:$BV$16,MATCH(I49,'Nike pace chart'!$BY$9:$BY$16,0))/1000*((_xlfn.TEXTBEFORE(L49,":")+_xlfn.TEXTAFTER(L49,":")/60)) -> 0.11 | L49: 00:30 | R49: 3 | S49: 10k | T49: =INDEX('Nike pace chart'!$BO$9:$BO$16,MATCH('Nike training program_21k'!S49,'Nike pace chart'!$BY$9:$BY$16,0)) -> 04:46 | U49: =INDEX('Nike pace chart'!$BV$9:$BV$16,MATCH(S49,'Nike pace chart'!$BY$9:$BY$16,0))/1000*((_xlfn.TEXTBEFORE(V49,":")+_xlfn.TEXTAFTER(V49,":")/60)) -> 0.21 | V49: 01:00 | AB49: 1 | AH49: 1 | AI49: 5k | AJ49: =INDEX('Nike pace chart'!$BO$9:$BO$16,MATCH('Nike training program_21k'!AI49,'Nike pace chart'!$BY$9:$BY$16,0)) -> 04:37 | AK49: 0.05 | AL49: 00:30 | AS49: 10k | AT49: =INDEX('Nike pace chart'!$BO$9:$BO$16,MATCH('Nike training program_21k'!AS49,'Nike pace chart'!$BY$9:$BY$16,0)) -> 04:46 | AU49: 0.25 | AV49: 01:00
I50: Recovery | J50: =INDEX('Nike pace chart'!$BO$9:$BO$16,MATCH('Nike training program_21k'!I50,'Nike pace chart'!$BY$9:$BY$16,0)) -> 05:39 | K50: =INDEX('Nike pace chart'!$BV$9:$BV$16,MATCH(I50,'Nike pace chart'!$BY$9:$BY$16,0))/1000*((_xlfn.TEXTBEFORE(L50,":")+_xlfn.TEXTAFTER(L50,":")/60)) -> 0.18 | L50: 01:00 | S50: Recovery | T50: =INDEX('Nike pace chart'!$BO$9:$BO$16,MATCH('Nike training program_21k'!S50,'Nike pace chart'!$BY$9:$BY$16,0)) -> 05:39 | U50: =INDEX('Nike pace chart'!$BV$9:$BV$16,MATCH(S50,'Nike pace chart'!$BY$9:$BY$16,0))/1000*((_xlfn.TEXTBEFORE(V50,":")+_xlfn.TEXTAFTER(V50,":")/60)) -> 0.36 | V50: 02:00 | AB50: 1 | AI50: Recovery | AJ50: =INDEX('Nike pace chart'!$BO$9:$BO$16,MATCH('Nike training program_21k'!AI50,'Nike pace chart'!$BY$9:$BY$16,0)) -> 05:39 | AK50: 0.15 | AL50: 01:00 | AS50: Recovery | AT50: =INDEX('Nike pace chart'!$BO$9:$BO$16,MATCH('Nike training program_21k'!AS50,'Nike pace chart'!$BY$9:$BY$16,0)) -> 05:39 | AU50: 0.35 | AV50: 02:00
H51: 9 | I51: Mile | J51: =INDEX('Nike pace chart'!$BO$9:$BO$16,MATCH('Nike training program_21k'!I51,'Nike pace chart'!$BY$9:$BY$16,0)) -> 04:25 | K51: =INDEX('Nike pace chart'!$BV$9:$BV$16,MATCH(I51,'Nike pace chart'!$BY$9:$BY$16,0))/1000*((_xlfn.TEXTBEFORE(L51,":")+_xlfn.TEXTAFTER(L51,":")/60)) -> 0.115 | L51: 00:30 | S51: 5k | T51: =INDEX('Nike pace chart'!$BO$9:$BO$16,MATCH('Nike training program_21k'!S51,'Nike pace chart'!$BY$9:$BY$16,0)) -> 04:37 | U51: =INDEX('Nike pace chart'!$BV$9:$BV$16,MATCH(S51,'Nike pace chart'!$BY$9:$BY$16,0))/1000*((_xlfn.TEXTBEFORE(V51,":")+_xlfn.TEXTAFTER(V51,":")/60)) -> 0.165 | V51: 00:45 | AB51: 1 | AH51: 9 | AI51: Mile | AJ51: =INDEX('Nike pace chart'!$BO$9:$BO$16,MATCH('Nike training program_21k'!AI51,'Nike pace chart'!$BY$9:$BY$16,0)) -> 04:25 | AK51: 0.2 | AL51: 00:30 | AS51: 5k | AT51: =INDEX('Nike pace chart'!$BO$9:$BO$16,MATCH('Nike training program_21k'!AS51,'Nike pace chart'!$BY$9:$BY$16,0)) -> 04:37 | AU51: 0.15 | AV51: 00:45
I52: Recovery | J52: =INDEX('Nike pace chart'!$BO$9:$BO$16,MATCH('Nike training program_21k'!I52,'Nike pace chart'!$BY$9:$BY$16,0)) -> 05:39 | K52: =INDEX('Nike pace chart'!$BV$9:$BV$16,MATCH(I52,'Nike pace chart'!$BY$9:$BY$16,0))/1000*((_xlfn.TEXTBEFORE(L52,":")+_xlfn.TEXTAFTER(L52,":")/60)) -> 0.18 | L52: 01:00 | S52: Recovery | T52: =INDEX('Nike pace chart'!$BO$9:$BO$16,MATCH('Nike training program_21k'!S52,'Nike pace chart'!$BY$9:$BY$16,0)) -> 05:39 | U52: =INDEX('Nike pace chart'!$BV$9:$BV$16,MATCH(S52,'Nike pace chart'!$BY$9:$BY$16,0))/1000*((_xlfn.TEXTBEFORE(V52,":")+_xlfn.TEXTAFTER(V52,":")/60)) -> 0.27 | V52: 01:30 | AB52: 1 | AI52: Recovery | AJ52: =INDEX('Nike pace chart'!$BO$9:$BO$16,MATCH('Nike training program_21k'!AI52,'Nike pace chart'!$BY$9:$BY$16,0)) -> 05:39 | AK52: 0.2 | AL52: 01:00 | AS52: Recovery | AT52: =INDEX('Nike pace chart'!$BO$9:$BO$16,MATCH('Nike training program_21k'!AS52,'Nike pace chart'!$BY$9:$BY$16,0)) -> 05:39 | AU52: 0.25 | AV52: 01:30
H53: 1 | I53: 5k | J53: =INDEX('Nike pace chart'!$BO$9:$BO$16,MATCH('Nike training program_21k'!I53,'Nike pace chart'!$BY$9:$BY$16,0)) -> 04:37 | K53: =INDEX('Nike pace chart'!$BV$9:$BV$16,MATCH(I53,'Nike pace chart'!$BY$9:$BY$16,0))/1000*((_xlfn.TEXTBEFORE(L53,":")+_xlfn.TEXTAFTER(L53,":")/60)) -> 0.11 | L53: 00:30 | S53: Mile | T53: =INDEX('Nike pace chart'!$BO$9:$BO$16,MATCH('Nike training program_21k'!S53,'Nike pace chart'!$BY$9:$BY$16,0)) -> 04:25 | U53: =INDEX('Nike pace chart'!$BV$9:$BV$16,MATCH(S53,'Nike pace chart'!$BY$9:$BY$16,0))/1000*((_xlfn.TEXTBEFORE(V53,":")+_xlfn.TEXTAFTER(V53,":")/60)) -> 0.115 | V53: 00:30 | AB53: 1 | AH53: 1 | AI53: 5k | AJ53: =INDEX('Nike pace chart'!$BO$9:$BO$16,MATCH('Nike training program_21k'!AI53,'Nike pace chart'!$BY$9:$BY$16,0)) -> 04:37 | AK53: 0.05 | AL53: 00:30 | AS53: Mile | AT53: =INDEX('Nike pace chart'!$BO$9:$BO$16,MATCH('Nike training program_21k'!AS53,'Nike pace chart'!$BY$9:$BY$16,0)) -> 04:25 | AU53: 0.15 | AV53: 00:30
I54: Recovery | J54: =INDEX('Nike pace chart'!$BO$9:$BO$16,MATCH('Nike training program_21k'!I54,'Nike pace chart'!$BY$9:$BY$16,0)) -> 05:39 | K54: =INDEX('Nike pace chart'!$BV$9:$BV$16,MATCH(I54,'Nike pace chart'!$BY$9:$BY$16,0))/1000*((_xlfn.TEXTBEFORE(L54,":")+_xlfn.TEXTAFTER(L54,":")/60)) -> 0.18 | L54: 01:00 | S54: Recovery | T54: =INDEX('Nike pace chart'!$BO$9:$BO$16,MATCH('Nike training program_21k'!S54,'Nike pace chart'!$BY$9:$BY$16,0)) -> 05:39 | U54: =INDEX('Nike pace chart'!$BV$9:$BV$16,MATCH(S54,'Nike pace chart'!$BY$9:$BY$16,0))/1000*((_xlfn.TEXTBEFORE(V54,":")+_xlfn.TEXTAFTER(V54,":")/60)) -> 0.27 | V54: 01:30 | AB54: 1 | AI54: Recovery | AJ54: =INDEX('Nike pace chart'!$BO$9:$BO$16,MATCH('Nike training program_21k'!AI54,'Nike pace chart'!$BY$9:$BY$16,0)) -> 05:39 | AK54: 0.15 | AL54: 01:00 | AS54: Recovery | AT54: =INDEX('Nike pace chart'!$BO$9:$BO$16,MATCH('Nike training program_21k'!AS54,'Nike pace chart'!$BY$9:$BY$16,0)) -> 05:39 | AU54: 0.25 | AV54: 01:30
H55: 9 | I55: Mile | J55: =INDEX('Nike pace chart'!$BO$9:$BO$16,MATCH('Nike training program_21k'!I55,'Nike pace chart'!$BY$9:$BY$16,0)) -> 04:25 | K55: =INDEX('Nike pace chart'!$BV$9:$BV$16,MATCH(I55,'Nike pace chart'!$BY$9:$BY$16,0))/1000*((_xlfn.TEXTBEFORE(L55,":")+_xlfn.TEXTAFTER(L55,":")/60)) -> 0.115 | L55: 00:30 | AB55: 1 | AH55: 9 | AI55: Mile | AJ55: =INDEX('Nike pace chart'!$BO$9:$BO$16,MATCH('Nike training program_21k'!AI55,'Nike pace chart'!$BY$9:$BY$16,0)) -> 04:25 | AK55: 0.1 | AL55: 00:30
